data_assinatura;inicio_vigencia;fim_vigencia;orgao_superior;orgao_entidade;unidade_gestora;forma_contratacao;grupo_objeto;numero_contrato;situacao;objeto;valor_contratado_rs
"30/04/2026";"30/04/2026";"30/04/2027";"Ministério de Minas e Energia";"Agência Nacional do Petróleo, Gás Natural e Biocombustíveis";"ESCRITORIO CENTRAL DA ANP";"Sem Informação";"Outros";"05003/2026";"Não se aplica";"SERVIÇOS COMUNS DA FUNDAÇÃO GETULIO VARGAS - FGV PARA PRESTAÇÃO DE SERVIÇO TÉCNICO PROFISSIONAL ESPECIALIZADO DE REALIZAÇÃO DO CURSO DE FORMAÇÃO DO CPNU-2 (ANP";"348.517,10"
"06/04/2026";"06/04/2026";"05/02/2028";"Ministério da Defesa";"Comando do Exército";"DEPARTAMENTO DE EDUCACAO E CULTURA DO EXERCIT";"Sem Informação";"Serviços";"00001/2026";"Não se aplica";"MESTRADO DO CURSO DE PÓS-GRADUACAO STRICTO SENSU";"91.720,62"
"23/03/2026";"21/04/2026";"21/04/2027";"Ministério de Portos e Aeroportos";"Agência Nacional de Aviação Civil";"AGENCIA NACIONAL DE AVIACAO CIVIL";"Sem Informação";"Serviços";"00007/2026";"Não se aplica";"CONTRATAÇÃO DE SERVIÇO CONTÍNUO DE GESTÃO DO SISTEMA DE AFERIÇÃO DE CONHECIMENTOS TEÓRICOS, INCLUINDO INSCRIÇÃO, AGENDAMENTO, APLICAÇÃO DE PROVAS NA MODALIDADES";"7.790.513,50"
"13/02/2026";"13/02/2026";"13/12/2027";"Ministério do Desenvolvimento e Assistência Social, Família e Combate à Fome";"Ministério do Desenvolvimento e Assistência Social, Família e Combate à Fome - Unidades com vínculo direto";"COORDENACAO GERAL DE LICITACOES E CONTRATOS.";"Sem Informação";"Serviços";"00001/2026";"Não se aplica";"CONTRATAÇÃO DE SERVIÇOS TÉCNICOS ESPECIALIZADOS POR ESCOPO, SEM DEDICAÇÃO DE MÃO DE OBRA EXCLUSIVA, PARA ELABORAÇÃO DE ESTUDOS E MONITORAMENTO DA INSEGURANÇA AL";"5.350.000,00"
"10/02/2026";"10/02/2026";"10/02/2027";"Ministério da Defesa";"Comando do Exército";"ESCOLA DE CMDO E ESTADO-MAIOR DO EXERCITO";"Sem Informação";"Serviços";"00026/2025";"Não se aplica";"CONTRATAÇÃO DE SERVIÇO DE INSTITUIÇÃO DE ENSINO SUPERIOR PARA O CPEAEX";"969.840,00"
"03/02/2026";"03/02/2026";"03/02/2029";"Ministério da Educação";"Fundo Nacional de Desenvolvimento da Educação";"FUNDO NACIONAL DE DESENVOLVIMENTO DA EDUCACAO";"Sem Informação";"Serviços";"00008/2026";"Não se aplica";"CONTRATAÇÃO DE SERVIÇOS COMUNS DE TÉCNICOS ESPECIALIZADOS PARA ELABORAÇÃO DE ESTUDOS DE CUSTOS DO PROGRAMA NACIONAL DE ALIMENTAÇÃO ESCOLAR - PNAE, NAS CONDIÇÕES";"9.306.300,00"
"29/01/2026";"29/01/2026";"29/01/2028";"Ministério da Fazenda";"Superintendência de Seguros Privados";"SUPERINTENDENCIA DE SEGUROS PRIVADOS - RJ";"Sem Informação";"Serviços";"00030/2025";"Não se aplica";"O OBJETO DO PRESENTE INSTRUMENTO É A CONTRATAÇÃO PARA CONSULTORIA ESPECIALIZADA EM ACERVO HISTÓRICO PARA ORGANIZAÇÃO, CATALOGAÇÃO E OFERECIMENTO DE SOLUÇÕES PAR";"1.681.713,71"
"29/01/2026";"29/01/2026";"29/01/2027";"Ministério dos Transportes";"Agência Nacional de Transportes Terrestres";"AGENCIA NACIONAL DE TRANSPORTES TERRESTRES";"Sem Informação";"Serviços";"00001/2026";"Não se aplica";"CONSTITUI OBJETO DO PRESENTE CONTRATO A INCLUSÃO DA PARTICIPANTE NO PROGRAMA BRASILEIRO GHG PROTOCOL - CICLO 2026 (""PROGRAMA GHG"") NOS TERMOS DO ANEXO I DESTE C";"19.500,00"
"23/01/2026";"23/01/2026";"23/01/2028";"Ministério dos Transportes";"Departamento Nacional de Infraestrutura de Transportes";"DEPART.NAC.INFRA ESTRUTURA TRANSPORTES.";"Sem Informação";"Serviços";"00874/2025";"Não se aplica";"CONTRATAÇÃO DE SERVIÇOS COMUNS ESPECIALIZADOS DESTINADOS À REALIZAÇÃO DE CURSO DE FORMAÇÃO, NA MODALIDADE PRESENCIAL, SEGUNDA ETAPA DO CONCURSO PÚBLICO PARA PRO";"104.130,00"
"31/12/2025";"31/12/2025";"30/06/2029";"Ministério da Fazenda";"Ministério da Fazenda - Unidades com vínculo direto";"PROCURADORIA GERAL DA FAZENDA NACIONAL";"Sem Informação";"Serviços";"00010/2025";"Não se aplica";". O OBJETO DO PRESENTE INSTRUMENTO É A CONTRATAÇÃO DE INSTITUIÇÃO DE ENSINO SUPERIOR DE NOTÓRIA ESPECIALIZAÇÃO PARA A PRESTAÇÃO DE SERVIÇOS TÉCNICOS EDUCACIONA";"1.213.710,75"
"31/12/2025";"31/12/2025";"30/06/2029";"Ministério da Fazenda";"Ministério da Fazenda - Unidades com vínculo direto";"PROCURADORIA GERAL DA FAZENDA NACIONAL";"Sem Informação";"Serviços";"00011/2025";"Não se aplica";"O OBJETO DO PRESENTE INSTRUMENTO É A CONTRATAÇÃO DE SERVIÇOS DE INSTITUIÇÃO DE ENSINO SUPERIOR DE NOTÓRIA ESPECIALIZAÇÃO PARA A PRESTAÇÃO DE SERVIÇOS TÉCNIC";"2.106.000,00"
"31/12/2025";"31/12/2025";"31/12/2026";"Ministério da Educação";"Ministério da Educação - Unidades com vínculo direto";"SUBSECRETARIA DE GESTAO ADMINISTRATIVA/MEC";"Sem Informação";"Serviços";"00044/2025";"Não se aplica";"SERVIÇOS DE CONSULTORIA PARA DESENVOLVIMENTO DE UM MODELO SIMULADOR SISTEMATIZADO E PREDITIVO CAPAZ DE PARAMETRIZAR A ESTIMATIVA DE VAGAS DO FIES PARA O MINISTÉ";"6.380.000,00"
"30/12/2025";"30/12/2025";"30/12/2027";"Ministério do Desenvolvimento e Assistência Social, Família e Combate à Fome";"Ministério do Desenvolvimento e Assistência Social, Família e Combate à Fome - Unidades com vínculo direto";"COORDENACAO-GERAL DE GESTAO DE PESSOAS/MDS";"Sem Informação";"Serviços";"00002/2025";"Não se aplica";"O OBJETO DO PRESENTE INSTRUMENTO É A CONTRATAÇÃO DE PESSOA JURÍDICA PRESTADORA DE SERVIÇOS EDUCACIONAIS NO CURSO INTITULADO ""MESTRADO EM POLÍTICAS PÚBLICAS E G";"174.580,06"
"23/12/2025";"23/12/2025";"23/06/2028";"Ministério da Previdência Social";"Instituto Nacional do Seguro Social";"COORDENACAO DE EXEC.ORCAMENTARIA E FINANCEIRA";"Sem Informação";"Serviços";"00044/2025";"Não se aplica";"CONTRATAÇÃO DE SERVIÇO TÉCNICO ESPECIALIZADO EM TREINAMENTO E APERFEIÇOAMENTO PESSOAL, A SER REALIZADO ATRAVÉS DE 4 (QUATRO) TURMAS PARA OS SEGUINTES CURSOS MBA";"4.972.800,00"
"19/12/2025";"31/12/2025";"31/12/2030";"Ministério dos Transportes";"Agência Nacional de Transportes Terrestres";"AGENCIA NACIONAL DE TRANSPORTES TERRESTRES";"Sem Informação";"Outros";"00038/2025";"Não se aplica";"O OBJETO DO PRESENTE CONTRATO É O LICENCIAMENTO DE USO DO BANCO DE DADOS, SEM CARÁTER DE EXCLUSIVIDADE, DO BANCO DE DADOS DENOMINADO ""FGVDADOS ADVANCED"", A SER";"100.923,65"
"08/12/2025";"08/12/2025";"08/06/2028";"Ministério da Cultura";"Agência Nacional do Cinema";"AGENCIA NACIONAL DO CINEMA";"Sem Informação";"Serviços";"00026/2025";"Não se aplica";"CONTRATAÇÃO DE CURSO DE PÓS-GRADUAÇÃO ""MESTRADO PROFISSIONAL EM ADMINISTRAÇÃO PÚBLICA - TURMA INTENSIVA 2025"", OFERECIDO POR FUNDAÇÃO GETÚLIO VARGAS LTDA., CNP";"92.980,50"
"07/11/2025";"07/11/2025";"07/09/2027";"Ministério da Defesa";"Comando da Aeronáutica";"GRUPAMENTO DE APOIO DO RIO DE JANEIRO";"Sem Informação";"Serviços";"00005/2025";"Não se aplica";"O PRESENTE INSTRUMENTO É A CONTRATAÇÃO DE SERVIÇOS COMUNS DE CONTRATAÇÃO DO CURSO DE MESTRADO PROFISSIONAL (FGV) EM ADMINISTRAÇÃO PÚBLICA PARA SERVIDOR PÚBLICO";"79.987,00"
"04/11/2025";"05/01/2026";"05/01/2027";"Ministério da Defesa";"Comando da Aeronáutica";"GRUPAMENTO DE APOIO DOS AFONSOS";"Sem Informação";"Serviços";"00055/2025";"Não se aplica";"CONTRATAÇÃO DE PROGRAMA DE CAPACITAÇÃO EM PROJETOS E PROCESSOS DA FGV PARA OS ALUNOS DO CAP";"725.400,00"
"14/10/2025";"15/10/2025";"15/04/2028";"Ministério do Planejamento e Orçamento";"Fundação Instituto Brasileiro de Geografia e Estatística";"FUNDACAO IBGE-ADMINISTRACAO CENTRAL/RJ";"Sem Informação";"Serviços";"00026/2025";"Não se aplica";"O OBJETO DO PRESENTE INSTRUMENTO É A CONTRATAÇÃO DE INSTITUIÇÃO ESPECIALIZADA PARA REALIZAR PROCESSOS SELETIVOS SIMPLIFICADOS, DESTINADOS À CONTRATAÇÃO TEMPORÁ";"9.063.747,00"
"08/10/2025";"08/10/2025";"08/10/2026";"Ministério da Educação";"Universidade Federal de Pernambuco";"PROREITORIA DE GESTAO ADMINISTRATIVA";"Sem Informação";"Outros";"00107/2025";"Não se aplica";"O LICENCIAMENTO DE USO, PELO FGV IBRE, SEM CARÁTER DE EXCLUSIVIDADE, DO BANCO DE DADOS, DE NATUREZA ESTATÍSTICA, ECONÔMICA E FINANCEIRA,DISPONIBILIZADO À LICENC";"10.100,00"
"30/09/2025";"30/09/2025";"30/09/2028";"Ministério de Minas e Energia";"Companhia de Pesquisa de Recursos Minerais";"COMPANHIA DE PESQUISA DE RECURSOS MINERAIS";"Sem Informação";"Serviços";"00100/2025";"Não se aplica";"DISPONIBILIZAÇÃO DO CURSO EM MODALIDADE DE ENSINO À DISTÂNCIA (EAD) DENOMINADO POLÍTICAS PÚBLICAS DE GESTÃO DE RISCO E RESPOSTA A DESASTRES EM NÍVEL MUNICIPAL,";"240.000,00"
"18/09/2025";"18/09/2025";"28/12/2026";"Ministério da Educação";"Instituto Nacional de Estudos e Pesquisas Educacionais Anísio Teixeira";"INST.NACIONAL DE EST.E PESQUISAS EDUCACIONAIS";"Sem Informação";"Serviços";"00035/2025";"Não se aplica";"CONTRATAÇÃO REMANESCENTE DE PRESTAÇÃO DE SERVIÇOS ESPECIALIZADOS DE APLICAÇÃO DO SISTEMA DE AVALIAÇÃO DA EDUCAÇÃO BÁSICA - SAEB 2025.";"119.048.159,44"
"09/09/2025";"09/09/2025";"09/03/2030";"Ministério da Educação";"Universidade Federal de Rondonópolis";"UNIVERSIDADE FEDERAL DE RONDONOPOLIS";"Sem Informação";"Serviços";"00014/2025";"Não se aplica";"CONTRATAÇÃO DE SERVIÇOS DE QUALIFICAÇÃO NO NÍVEL DE DOUTORADO, MODALIDADE INTERINSTITUCIONAL";"1.100.000,00"
"02/09/2025";"02/09/2025";"02/01/2027";"Ministério da Defesa";"Comando do Exército";"ARSENAL DE GUERRA DO RIO";"Sem Informação";"Serviços";"00045/2025";"Não se aplica";"CURSO MBA EM GERENCIAMENTO DE PROJETOS";"36.051,30"
"11/08/2025";"11/08/2025";"11/08/2029";"Ministério da Cultura";"Agência Nacional do Cinema";"AGENCIA NACIONAL DO CINEMA";"Sem Informação";"Serviços";"00014/2025";"Não se aplica";"CONTRATAÇÃO DE CURSO DE PÓS-GRADUAÇÃO DOUTORADO PROFISSIONAL EM ADMINISTRAÇÃO PÚBLICA, OFERECIDO POR FUNDAÇÃO GETÚLIO VARGAS LTDA.,PARA PARTICIPAÇÃO DE UM SERVI";"156.187,20"
"15/07/2025";"15/07/2025";"15/07/2026";"Ministério da Educação";"Instituto Nacional de Estudos e Pesquisas Educacionais Anísio Teixeira";"INST.NACIONAL DE EST.E PESQUISAS EDUCACIONAIS";"Sem Informação";"Serviços";"00023/2025";"Não se aplica";"O OBJETO DO PRESENTE INSTRUMENTO É A CONTRATAÇÃO DE SERVIÇOS COMUNS DE EMPRESAS ESPECIALIZADAS PARA PRESTAÇÃO DOS SERVIÇOS DE APLICAÇÃO E ORGANIZAÇÃO DE EXAME D";"20.527.342,57"
"08/07/2025";"08/07/2025";"08/01/2026";"Ministério da Previdência Social";"Instituto Nacional do Seguro Social";"COORDENACAO DE EXEC.ORCAMENTARIA E FINANCEIRA";"Sem Informação";"Serviços";"00011/2025";"Não se aplica";"A CONTRATAÇÃO DE SERVIÇO TÉCNICO ESPECIALIZADO EM APERFEIÇOAMENTO PESSOAL, NOS TERMOS DO ART. 74, INC. III, ALÍNEA ""F"" DA LEI Nº 14.133/2021, A SER REALIZADO PO";"18.607,68"
"12/06/2025";"12/06/2025";"12/05/2026";"Ministério da Fazenda";"Ministério da Fazenda - Unidades com vínculo direto";"CONSELHO ADMINISTRATIVO DE RECURSOS FISCAIS";"Sem Informação";"Serviços";"00004/2025";"Não se aplica";"A CONTRATAÇÃO DE SERVIÇOS DE PESQUISA E DESENVOLVIMENTO PARA SOLUÇÃO DE CURADORIA DE INTELIGÊNCIA ARTIFICIAL PARA APRENDIZADO DE MÁQUINA, QUE SERÃO PRESTADOS NA";"5.330.647,74"
"09/06/2025";"20/06/2025";"20/06/2027";"Ministério da Defesa";"Comando da Aeronáutica";"GRUPAMENTO DE APOIO DOS AFONSOS";"Sem Informação";"Serviços";"00014/2025";"Não se aplica";"CONTRATAÇÃO DE PÓS GRADUAÇÃO STRICTO SENSU DE MESTRADO PROFISSIONAL EM ADMINISTRAÇÃO PÚBLICA PARA APRIMORAMENTO DE MILITARES DA DIRAD";"79.987,00"
"09/06/2025";"09/06/2025";"09/06/2028";"Ministério da Gestão e da Inovação em Serviços Públicos";"Fundação Escola Nacional de Administração Pública";"FUNDACAO ESCOLA NACIONAL DE ADM. PUBLICA";"Sem Informação";"Serviços";"00027/2025";"Não se aplica";"CONTRATAÇÃO DIRETA DA FUNDAÇÃO GETULIO VARGAS, MEDIANTE DISPENSA DE LICITAÇÃO, PARA PRESTAÇÃO DE SERVIÇOS DE PLANEJAMENTO, ORGANIZAÇÃO, REALIZAÇÃO, PROCESSAMENT";"42.612.772,22"
"09/06/2025";"09/06/2025";"09/12/2027";"Ministério da Cultura";"Agência Nacional do Cinema";"AGENCIA NACIONAL DO CINEMA";"Sem Informação";"Serviços";"00008/2025";"Não se aplica";"CONTRATAÇÃO DE FUNDAÇÃO GETÚLIO VARGAS LTDA., CNPJ 33.641.663/0001-44, PARA PARTICIPAÇÃO DA SERVIDORA PATRÍCIA VENCESLAU SOARES GOMES NO ""MESTRADO PROFISSION";"92.980,50"
"06/06/2025";"06/06/2025";"06/03/2027";"Ministério da Defesa";"Comando da Aeronáutica";"GRUPAMENTO DE APOIO DE S J CAMPOS";"Sem Informação";"Serviços";"00011/2025";"Não se aplica";"CONTRATAÇÃO DE SERVIÇOS COMUNS DE CAPACITAÇÃO JUNTO À FUNDAÇÃO GETÚLIO VARGAS (FGV) - CURSO MBA EM GESTÃO DE PROJETOS A SEREM EXECUTADOS SEM REGIME DE DEDICAÇÃ";"27.735,69"
"06/06/2025";"06/06/2025";"06/06/2027";"Ministério da Educação";"Instituto Nacional de Estudos e Pesquisas Educacionais Anísio Teixeira";"INST.NACIONAL DE EST.E PESQUISAS EDUCACIONAIS";"Sem Informação";"Serviços";"00013/2025";"Não se aplica";"SERVIÇOS COMUNS PARA APLICAÇÃO DA PROVA NACIONAL DOCENTE E AVALIAÇÃO TEÓRICA DO ENADE DAS LICENCIATURAS - PND/AT, INCLUINDO TODAS AS ETAPAS PREPARATÓRIAS, DE AP";"89.842.799,87"
"20/05/2025";"20/05/2025";"20/05/2026";"Ministério dos Transportes";"VALEC Engenharia, Construções e Ferrovias S.A.";"VALEC ENGENHARIA, CONSTRUCOES E FERROVIAS S.A";"Sem Informação";"Outros";"00017/2025";"Não se aplica";"INCLUSÃO DA INFRA S.A. NO PROGRAMA BRASILEIRO GHG PROTOCOL - CICLO DE 2025, NOS TERMOS DO ANEXO I DO CONTRATO.";"7.700,00"
"16/05/2025";"16/05/2025";"15/11/2026";"Ministério dos Transportes";"Ministério dos Transportes - Unidades com vínculo direto";"COMPANHIA DOCAS DO RIO DE JANEIRO";"Sem Informação";"Outros";"00018/2025";"Não se aplica";"PRESTAÇÃO DOS SERVIÇOS DE ASSESSORIA TÉCNICA ESPECIALIZADA, COMPREENDENDO O DESENVOLVIMENTO DE PESQUISA E ESTUDOS PARA SUBSIDIAR O PLANEJAMENTO PORTUÁRIO DA POR";"4.970.880,00"
"15/05/2025";"15/05/2025";"15/11/2027";"Ministério de Minas e Energia";"Companhia de Pesquisa de Recursos Minerais";"COMPANHIA DE PESQUISA DE RECURSOS MINERAIS";"Sem Informação";"Serviços";"00029/2025";"Não se aplica";"CONTRATAÇÃO DIRETA DE INSTITUIÇÃO BRASILEIRA INCUMBIDA, REGIMENTAL OU ESTATUTARIAMENTE, DA PESQUISA, DO ENSINO OU DO DESENVOLVIMENTO INSTITUCIONAL, PARA EXECUÇÃ";"1.595.194,00"
"15/05/2025";"15/05/2025";"14/11/2026";"Ministério dos Transportes";"Ministério dos Transportes - Unidades com vínculo direto";"COMPANHIA DOCAS DO RIO DE JANEIRO";"Sem Informação";"Outros";"00017/2025";"Não se aplica";"PRESTAÇÃO DOS SERVIÇOS DE ASSESSORIA TÉCNICA ESPECIALIZADA, COMPREENDENDO O DESENVOLVIMENTO DE PESQUISA E ESTUDOS PARA CONCEPÇÃO DE MODELAGEM ESTRATÉGICA, COMER";"7.417.000,00"
"14/05/2025";"14/05/2025";"14/08/2025";"Ministério da Saúde";"Fundação Oswaldo Cruz";"INSTITUTO DE TECNOLOGIA EM IMUNOBIOLOGICOS";"Sem Informação";"Outros";"00113/2025";"Não se aplica";"CONTRATAÇÃO DE SERVIÇOS DE ASSESSORIA TÉCNICA DE APOIO A BIO-MANGUINHOS/FIOCRUZ PARA PRESTAÇÃO DE SERVIÇOS DE ELABORAÇÃO DO ESTUDO DE REEQUILÍBRIO ECONÔMICO-FIN";"275.520,00"
"08/04/2025";"08/04/2025";"08/07/2026";"Ministério da Defesa";"Comando da Marinha";"DIRETORIA DE OBRAS CIVIS DA MARINHA";"Sem Informação";"Outros";"00001/2025";"Não se aplica";"CONTRATAÇÃO DE SERVIÇO DE ASSESSORIA TÉCNICA INDEPENDENTE ESPECIALIZADA, POR INSTITUIÇÃO DE PESQUISA, ENSINO OU DESENVOLVIMENTO INSTITUCIONAL SEM FINS LUCRATI";"4.561.326,90"
"31/03/2025";"31/03/2025";"31/03/2027";"Ministério da Saúde";"Ministério da Saúde - Unidades com vínculo direto";"INSTITUTO EVANDRO CHAGAS";"Sem Informação";"Serviços";"00232/2024";"Não se aplica";"CONTRATAÇÃO DE SERVIÇOS DE CURSO DE MESTRADO PROFISSIONAL EM ADMINISTRAÇÃO PÚBLICA (AGOSTO/24 A AGOSTO/26)";"90.366,48"
"28/03/2025";"28/03/2025";"28/09/2027";"Ministério da Defesa";"Comando da Marinha";"HOSPITAL NAVAL MARCILIO DIAS";"Sem Informação";"Outros";"00047/2025";"Não se aplica";"CURSO DE MESTRADO PROFISSIONAL EM GESTÃO PARA A COMPETITIVIDADE - GESTÃO DE SAÚDE.";"98.626,00"
"21/03/2025";"21/03/2025";"28/02/2027";"Ministério da Defesa";"Comando da Aeronáutica";"GRUPAMENTO DE APOIO DOS AFONSOS";"Sem Informação";"Serviços";"00006/2025";"Não se aplica";"SERVIÇOS CUSTOMIZADOS DE ENSINO APLICÁVEIS AO CURSO DE POLÍTICA E ESTRATÉGIA AEROESPACIAIS, MINISTRADO DE FORMA PRESENCIAL NAS INSTALAÇÕES SOB RESPONSABILIDADE";"360.220,00"
"16/01/2025";"16/01/2025";"16/01/2026";"Ministério da Educação";"Universidade Federal de Ouro Preto";"UNIVERSIDADE FEDERAL DE OURO PRETO";"Sem Informação";"Serviços";"00002/2025";"Não se aplica";"CONTRATAÇÃO DE SERVIÇOS PARA PUBLICAÇÃO DA OBRA ""VOCABULÁRIO DE TEORIA DE HISTÓRIA"", ORGANIZADO POR VALDEI LOPES DE ARAUJO - PROGRAMA DE PÓS-GRADUAÇÃO EM HISTÓ";"14.718,27"
"30/12/2024";"30/12/2024";"30/06/2027";"Ministério da Educação";"Instituto Nacional de Estudos e Pesquisas Educacionais Anísio Teixeira";"INST.NACIONAL DE EST.E PESQUISAS EDUCACIONAIS";"Sem Informação";"Serviços";"00045/2024";"Não se aplica";"PRESTAÇÃO DE SERVIÇOS PARA OPERACIONALIZAÇÃO DOS PROCEDIMENTOS RELATIVOS À REALIZAÇÃO DA APLICAÇÃO DO ESTUDO INTERNACIONAL DE PROGRESSO EM LEITURA - PROGRESS IN";"2.945.322,07"
"27/12/2024";"27/12/2024";"27/08/2025";"Ministério da Cultura";"Instituto do Patrimônio Histórico e Artístico Nacional";"CENTRO NACIONAL DE FOLCLORE E CULTURA POPULAR";"Sem Informação";"Serviços";"00011/2024";"Não se aplica";"CONTRATAÇÃO DE SERVIÇOS COMUNS DE PREPARAÇÃO, REVISÃO, PROJETO GRÁFICO, DIAGRAMAÇÃO DA OBRA ""PROJETO E MISSÃO: O MOVIMENTO FOLCLÓRICO BRASILEIRO 1947-1964"", DE";"18.116,40"
"26/12/2024";"26/12/2024";"26/12/2026";"Advocacia-Geral da União";"Advocacia-Geral da União - Unidades com vínculo direto";"ESCOLA SUPERIOR AGU MINIST. VICTOR NUNES LEAL";"Sem Informação";"Serviços";"00009/2024";"Não se aplica";"CONTRATAÇÃO DE 1 (UMA) TURMA PARA ATÉ 40 PESSOAS, NO MBA EM COMUNICAÇÃO DIGITAL E DEFESA DA DEMOCRACIA";"1.000.000,00"
"12/12/2024";"01/01/2025";"31/12/2028";"Ministério da Defesa";"Comando do Exército";"ESCOLA DE CMDO E ESTADO-MAIOR DO EXERCITO";"Sem Informação";"Serviços";"00021/2024";"Não se aplica";"CONTRATAÇÃO DE SERVIÇO COMUM DE ASSESSORIA TÉCNICA E ACADÊMICA PARA CONSOLIDAÇÃO DA PESQUISA E DO DESENVOLVIMENTO DAS CIÊNCIAS MILITARES NA ESCOLA DE COMANDO E";"20.800.000,00"
"12/12/2024";"12/12/2024";"11/12/2026";"Ministério da Educação";"Empresa Brasileira de Serviços Hospitalares";"HU BRASIL";"Sem Informação";"Serviços";"00020/2024";"Não se aplica";"contratação continuada de empresa especializada na prestação de serviços técnicos de elaboração, diagramação, impressão, logística, supervisão, aplicação de pro";"22.851.125,00"
"09/12/2024";"09/12/2024";"09/12/2025";"Ministério da Defesa";"Comando do Exército";"ESCOLA DE CMDO E ESTADO-MAIOR DO EXERCITO";"Sem Informação";"Serviços";"00041/2024";"Não se aplica";"SERVIÇOS ESPECIALIZADOS DE REALIZAÇÃO DE CURSO DE PÓS-GRADUAÇÃO LATO-SENSU, NIVEL ESPECIALIZAÇÃO, DENOMINADO MBA EXECUTIVO EM ADMINISTRAÇÃO : ESTUDOS POLÍTICOS";"969.840,00"
"06/12/2024";"06/12/2024";"05/12/2026";"Ministério das Comunicações";"Agêncial Nacional de Telecomunicações";"AGENCIA NACIONAL DE TELECOMUNICACOES-SEDE";"Sem Informação";"Serviços";"00198/2024";"Não se aplica";"CONTRATAÇÃO DE SERVIÇOS DE CAPACITAÇÃO VISANDO TREINAR E APERFEIÇOAR OS CONHECIMENTOS DOS SERVIDORES LOTADOS NA ANATEL";"1.200.000,00"
"02/12/2024";"02/12/2024";"02/03/2025";"Ministério da Fazenda";"Ministério da Fazenda - Unidades com vínculo direto";"PROCURADORIA GERAL DA FAZENDA NACIONAL";"Sem Informação";"Serviços";"00004/2024";"Não se aplica";"O OBJETO DO PRESENTE INSTRUMENTO É A CONTRATAÇÃO DE SERVIÇOS PARA CONDUZIR O EVENTO WORKSHOP DE GESTÃO PARA OS SERVIDORES DA PROCURADORIA-GERAL DA FAZENDA NACIO";"670.000,00"
"29/11/2024";"29/11/2024";"29/11/2025";"Ministério da Cultura";"Instituto do Patrimônio Histórico e Artístico Nacional";"IPHAN - EXECUCAO ORCAMENTARIA E FINANCEIRA";"Sem Informação";"Serviços";"00023/2024";"Não se aplica";"O OBJETO DO PRESENTE INSTRUMENTO É A CONTRATAÇÃO DE SERVIÇOS DE PLANEJAMENTO, ORGANIZAÇÃO, REALIZAÇÃO, PROCESSAMENTO E RESULTADO FINAL PARA HOMOLOGAÇÃO DE PROCE";"599.960,00"
"06/11/2024";"06/11/2024";"06/04/2027";"Ministério da Gestão e da Inovação em Serviços Públicos";"Ministério da Gestão e da Inovação em Serviços Públicos - Unidades com vínculo direto";"CENTRO DE SERVICOS COMPARTILHADOS - MGI";"Sem Informação";"Serviços";"00049/2024";"Não se aplica";"CONTRATAÇÃO DE SERVIÇOS DE TREINAMENTO E APERFEIÇOAMENTO DE PESSOAL, COM VISTAS À PARTICIPAÇÃO DE SERVIDORES ATENDIDOS PELO COLABORAGOV DO MINISTÉRIO DA GESTÃO";"13.085,60"
"04/10/2024";"04/10/2024";"31/12/2025";"Ministério da Educação";"Ministério da Educação - Unidades com vínculo direto";"SUBSECRETARIA DE GESTAO ADMINISTRATIVA/MEC";"Sem Informação";"Serviços";"00024/2024";"Não se aplica";"CONTRATAÇÃO DE INSTITUIÇÃO ESPECIALIZADA EM ANÁLISE DE CAPACIDADE ECONÔMICO-FINANCEIRA PARA AVALIAÇÃO DE PROPOSTAS VISANDO A AUTORIZAÇÃO DE NOVOS CURSOS DE MEDI";"1.510.000,00"
"30/09/2024";"01/10/2024";"01/04/2028";"Ministério dos Transportes";"Departamento Nacional de Infraestrutura de Transportes";"DEPART.NAC.INFRA ESTRUTURA TRANSPORTES.";"Sem Informação";"Serviços";"00647/2024";"Não se aplica";"CONTRATAÇÃO DE SERVIÇOS TÉCNICOS ESPECIALIZADOS AFETOS À MANUTENÇÃO E ATUALIZAÇÃO DO SISTEMA DE CUSTOS REFERENCIAIS DE OBRAS (SICRO), ABRANGENDO COMO ATIVIDADES";"112.936.682,75"
"18/09/2024";"18/09/2024";"18/09/2029";"Ministério da Fazenda";"Comissão de Valores Mobiliários";"COMISSAO DE VALORES MOBILIARIOS";"Sem Informação";"Serviços";"00014/2024";"Não se aplica";"CONTRATAÇÃO DO CURSO DE PÓS-GRADUAÇÃO LATO SENSU ""MBA EM GESTÃO ESTRATÉGICA DE PESSOAS: DESENVOLVIMENTO HUMANO DE GESTORES""";"823.536,00"
"17/09/2024";"17/09/2024";"17/09/2025";"Ministério das Cidades";"Ministério das Cidades - Unidades com vínculo direto";"COORDENACAO-GERAL DE SUPORTE LOGISTICO - MCID";"Sem Informação";"Serviços";"00006/2024";"Não se aplica";"TREINAMENTO NA MODALIDADE EAD, COM CARGA HORA?RIA DE 96 (NOVENTA E SEIS) HORAS/AULA, PARA A AÇÃO DE DESENVOLVIMENTO DENOMINADA ""LIDERANÇA E GESTÃO DE EQUIPES"",";"240.000,00"
"09/09/2024";"09/09/2024";"09/09/2029";"Ministério da Educação";"Universidade Federal do Rio Grande do Sul";"UNIVERSIDADE FEDERAL DO RIO GRANDE DO SUL";"Sem Informação";"Serviços";"00073/2024";"Não se aplica";"CONTRATAÇÃO DE LICENÇA DE USO DA FERRAMENTA FGV DADOS STANDARD, COM 03 (TRÊS) PONTOS DE ACESSO AO BANCO DE DADOS ""FGVDADOS"", PROTEGIDOS POR SENHA PESSOAL, INDI";"53.778,45"
"26/07/2024";"26/07/2024";"26/05/2026";"Ministério da Defesa";"Comando da Aeronáutica";"GRUPAMENTO DE APOIO DO RIO DE JANEIRO";"Sem Informação";"Serviços";"00020/2024";"Não se aplica";"DO PRESENTE INSTRUMENTO É A CONTRATAÇÃO DE SERVIÇOS COMUNS DE CONTRATAÇÃO DO CURSO DE MESTRADO PROFISSIONAL (FGV) EM ADMINISTRAÇÃO PÚBLICA PARA SERVIDOR PÚBLICO";"79.817,00"
"25/07/2024";"25/07/2024";"25/01/2025";"Ministério da Saúde";"Fundação Oswaldo Cruz";"INSTITUTO DE TECNOLOGIA EM IMUNOBIOLOGICOS";"Sem Informação";"Serviços";"00326/2024";"Não se aplica";"SERVIÇOS DE ASSESSORIA TÉCNICA DE APOIO A BIO-MANGUINHOS/FIOCRUZ PARA PRESTAÇÃO DE SERVIÇOS DE ELABORAÇÃO DE ESTUDOS DE VIABILIDADE ECONÔMICO-FINANCEIRA E INSTI";"1.218.000,00"
"16/07/2024";"16/07/2024";"16/02/2025";"Ministério da Defesa";"Comando do Exército";"ESCOLA DE CMDO E ESTADO-MAIOR DO EXERCITO";"Sem Informação";"Serviços";"00017/2024";"Não se aplica";"CONTRAÇÃO DE SERVIÇOS DE INSTITUIÇÃO DE ENSINO SUPERIOR (IES) PARA ATENDER A GRADE CURRICULAR DOS OFICIAIS-ALUNOS DO CURSO INTERNACIONAL DE ESTUDOS ESTRATÉGICOS";"460.000,00"
"10/07/2024";"19/07/2024";"19/07/2026";"Ministério de Minas e Energia";"Agência Nacional de Energia Elétrica";"AGENCIA NACIONAL DE ENERGIA ELETRICA";"Sem Informação";"Serviços";"00006/2024";"Não se aplica";"LICENCIAMENTO DE USO, SEM CARÁTER DE EXCLUSIVIDADE, DO BANCO DE DADOS, DE NATUREZA ECONÔMICA, DISPONIBILIZADO À LICENCIADA POR MEIO DA INTERNET. NESTE INSTRUMEN";"78.844,88"
"23/06/2024";"23/06/2024";"23/06/2025";"Ministério da Cultura";"Ministério da Cultura - Unidades com vínculo direto";"COORD. GERAL DE EXEC. ORCAMENT, FINANC E CONT";"Sem Informação";"Serviços";"00018/2024";"Não se aplica";"CONTRATAÇÃO DA FUNDAÇÃO GETÚLIO VARGAS, INSTITUIÇÃO INSCRITA SOB O CNPJ Nº : 33.641.663/0001-44, PARA VIABILIZAR A REALIZAÇÃO DO PROCESSO SELETIVO SIMPLIFICADO";"1.957.500,00"
"12/06/2024";"13/06/2024";"13/06/2025";"Ministério da Defesa";"Comando do Exército";"CENTRO DE OBTENCOES DO EXERCITO";"Sem Informação";"Serviços";"00019/2024";"Não se aplica";"CONTRATAÇÃO DE CURSO DE PÓS-GRADUAÇÃO EM GESTÃO FINANCEIRA, NO FORMATO ON-LINE, NA FUNDAÇÃO GETÚLIO VARGAS (FGV)";"12.512,50"
"18/05/2024";"18/05/2024";"18/09/2025";"Ministério da Defesa";"Comando da Aeronáutica";"GRUPAMENTO DE APOIO DO RIO DE JANEIRO";"Inexigibilidade de Licitação";"Outros";"00018/2024";"Não se aplica";"O OBJETO DO PRESENTE INSTRUMENTO É A CONTRATAÇÃO DE CURSO DE MBA EM GERENCIAMENTO DE PROJETOS PARA O INSTITUTO DE CARTOGRAFIA DA AERONÁUTICA (ICA), DESTINADO A";"76.440,00"
"26/04/2024";"26/04/2024";"26/04/2027";"Ministério da Educação";"Instituto Nacional de Estudos e Pesquisas Educacionais Anísio Teixeira";"INST.NACIONAL DE EST.E PESQUISAS EDUCACIONAIS";"Pregão";"Serviços";"00006/2024";"Não se aplica";"contratação de serviços para operacionalização de aplicação Prova de habilidades clínicas do Exame Nacional de Revalidação de Diplomas Médicos Expedidos por Ins";"52.256.269,20"
"17/04/2024";"17/04/2024";"17/05/2024";"Ministério da Saúde";"Fundação Oswaldo Cruz";"INSTITUTO DE TECNOLOGIA EM IMUNOBIOLOGICOS";"Sem Informação";"Serviços";"00071/2024";"Não se aplica";"CONTRATAÇÃO DE SERVIÇO TÉCNICO PROFISSIONAL ESPECIALIZADO RELATIVO À REALIZAÇÃO DE TREINAMENTO E APERFEIÇOAMENTO DE PESSOAL, NA FUNDAÇÃO GETÚLIO VARGAS - FGV, C";"24.718,65"
"12/04/2024";"12/04/2024";"11/04/2025";"Ministério de Minas e Energia";"Empresa de Pesquisa Energética";"EMPRESA DE PESQUISA ENERGETICA";"Sem Informação";"Outros";"00002/2024";"Não se aplica";"PRESTAÇÃO DOS SERVIÇOS DO LICENCIAMENTO DE USO DO BANCO DE DADOS ON-LINE DENOMINADO ""FGVDADOS PREMIUM"", DISPONÍVEL ATRAVÉS DA INTERNET, QUE PERMITE O ACESSO A T";"65.223,60"
"10/04/2024";"10/04/2024";"09/04/2026";"Ministério da Defesa";"Comando da Aeronáutica";"GRUPAMENTO DE APOIO DOS AFONSOS";"Sem Informação";"Serviços";"00010/2024";"Não se aplica";"CONTRATAGAO DE SERVIGO TECNICO ESPECIALIZADO DE CAPACITAGAO EM NIVEL DE P6S-GRADUAGAO LATO SENSU EM GESTAO FINANCEIRA: CONTROLADORIA, AUDITORIA E COMPLIANCE, NA";"36.327,84"
"18/03/2024";"18/03/2024";"18/12/2024";"Ministério da Defesa";"Comando do Exército";"ESCOLA DE CMDO E ESTADO-MAIOR DO EXERCITO";"Sem Informação";"Serviços";"00002/2024";"Não se aplica";"CONTRATAÇÃO DE SERVIÇOS ESPECIALIZADAS DE REALIZAÇÃO DE CURSO DE PÓS-GRADUAÇÃO LATO-SENSU.";"928.800,00"
"07/03/2024";"08/03/2024";"07/03/2027";"Ministério da Educação";"Empresa Brasileira de Serviços Hospitalares";"HU BRASIL";"Dispensa de Licitação";"Serviços";"00002/2024";"Não se aplica";"O OBJETO DO PRESENTE INSTRUMENTO É A CONTRATAÇÃO?CONTINUADA DE SERVIÇO TÉCNICO ESPECIALIZADO PARA EXECUÇÃO DE TODAS AS ETAPAS DO EXAME NACIONAL DE RESIDÊNCIA (E";"10.854.755,00"
"01/03/2024";"01/04/2024";"01/01/2025";"Ministério da Defesa";"Comando da Aeronáutica";"GRUPAMENTO DE APOIO DOS AFONSOS";"Sem Informação";"Serviços";"00007/2024";"Não se aplica";"CONTRATAÇÃO DE SERVIÇOS CUSTOMIZADOS DE ENSINO APLICÁVEIS AO CURSO DE POLÍTICA E ESTRATÉGIA AEROESPACIAIS, NUM TOTAL DE 105 (CENTO E CINCO) HORAS/AULA, INCLUIND";"274.575,00"
"29/02/2024";"29/02/2024";"28/02/2025";"Ministério da Defesa";"Comando da Marinha";"DIRETORIA DE OBRAS CIVIS DA MARINHA";"Sem Informação";"Outros";"00001/2024";"Não se aplica";"O OBJETO DO PRESENTE INSTRUMENTO É A PRESTAÇÃO DE SERVIÇO DE ASSESSORIA TÉCNICA INDEPENDENTE ESPECIALIZADA, POR INSTITUIÇÃO DE PESQUISA, ENSINO OU DESENVOLVIMEN";"3.469.690,20"
"27/02/2024";"27/02/2024";"27/02/2025";"Ministério dos Transportes";"Agência Nacional de Transportes Terrestres";"AGENCIA NACIONAL DE TRANSPORTES TERRESTRES";"Sem Informação";"Serviços";"00003/2024";"Não se aplica";"A INCLUSÃO DA PARTICIPANTE NO PROGRAMA BRASILEIRO GHG PROTOCOL - CICLO 2024 (""PROGRAMA GHG"") NOS TERMOS DO ANEXO I AO CONTRATO";"17.900,00"
"10/02/2024";"10/02/2024";"10/02/2027";"Ministério da Defesa";"Comando da Marinha";"ESCOLA DE GUERRA NAVAL";"Sem Informação";"Outros";"00006/2023";"Não se aplica";"CONTRATAÇÃO DE CURSO DE EXTENSÃO EM GESTÃO ESTRATÉGICA, NA MODALIDADE HIBRIDA DE PARTE PRESENCIAL E PARTE EDUCAÇÃO À DISTÂNCIA (EAD), COM CARGA HORÁRIA DE 114 (";"321.229,90"
"08/02/2024";"08/02/2024";"08/12/2025";"Ministério da Defesa";"Comando da Marinha";"DIRETORIA DE ABASTECIMENTO DA MARINHA";"Sem Informação";"Serviços";"00002/2024";"Não se aplica";"CURSO DE PÓS-GRADUAÇÃO (ESPECIALIZAÇÃO) STRICTO SENSU EM MESTRADO PROFISSIONAL EM GESTÃO EMPRESARIAL.";"101.969,12"
"14/01/2024";"14/01/2024";"19/04/2025";"Ministério da Defesa";"Comando da Aeronáutica";"GRUPAMENTO DE APOIO DOS AFONSOS";"Sem Informação";"Serviços";"00058/2023";"Não se aplica";"CONTRATAÇÃO DE SERVIÇOS DE CURSO DE MBA EXECUTIVO- GESTÃO COM ÊNFASE EM GERENCIAMENTO DE PROJETOS DA FUNDAÇÃO GETÚLIO VARGAS, NA MODALIDADE ON LINE";"16.541,84"
"14/01/2024";"14/01/2024";"19/04/2025";"Ministério da Defesa";"Comando da Aeronáutica";"GRUPAMENTO DE APOIO DOS AFONSOS";"Sem Informação";"Serviços";"00059/2023";"Não se aplica";"CONTRATAÇÃO DE SERVIÇOS DE CURSO DE MBA EXECUTIVO- GESTÃO COM ÊNFASE EM GERENCIAMENTO DE PROJETOS DA FUNDAÇÃO GETÚLIO VARGAS, NA MODALIDADE ON LINE";"16.541,84"
"30/12/2023";"30/12/2023";"30/12/2026";"Ministério da Gestão e da Inovação em Serviços Públicos";"Ministério da Gestão e da Inovação em Serviços Públicos - Unidades com vínculo direto";"CENTRO DE SERVICOS COMPARTILHADOS - MGI";"Sem Informação";"Serviços";"00066/2023";"Não se aplica";"O OBJETO DO PRESENTE INSTRUMENTO É A CONTRATAÇÃO DE SERVIÇOS CONTÍNUOS PARA TREINAMENTO E APERFEIÇOAMENTO DE PESSOAL, COM VISTAS À PARTICIPAÇÃO DE SERVIDORES E";"948.971,02"
"28/12/2023";"28/12/2023";"28/12/2026";"Presidência da República";"Empresa Brasil de Comunicação";"EMPRESA BRASIL DE COMUNICACAO S.A";"Sem Informação";"Serviços";"00080/2023";"Não se aplica";"CONTRATAÇÃO DE EMPRESA ESPECIALIZADA PARA PRESTAÇÃO DE SERVIÇOS, SEM DEDICAÇÃO EXCLUSIVA DE MÃO DE OBRA, PARA REALIZAÇÃO DE ESCUTA SOCIAL, COM ANÁLISES HUMANAS";"1.950.000,00"
"28/12/2023";"28/12/2023";"27/12/2026";"Ministério da Fazenda";"Ministério da Fazenda - Unidades com vínculo direto";"PROCURADORIA GERAL DA FAZENDA NACIONAL";"Sem Informação";"Serviços";"00009/2023";"Não se aplica";"CONTRATAÇÃO DE SERVIÇOS DE INSTITUIÇÃO DE ENSINO PARA OFERTA DE 25 (VINTE E CINCO) VAGAS DE MESTRADO PROFISSIONAL FGV DIREITO SP, CONFORME CONDIÇÕES E EXIGÊNCIA";"2.876.650,00"
"28/12/2023";"28/12/2023";"27/06/2026";"Ministério da Fazenda";"Ministério da Fazenda - Unidades com vínculo direto";"PROCURADORIA GERAL DA FAZENDA NACIONAL";"Sem Informação";"Serviços";"00008/2023";"Não se aplica";"CONTRATAÇÃO DE SERVIÇOS DE INSTITUIÇÃO DE ENSINO PARA A OFERTA DE 40 (QUARENTA) VAGAS DE MESTRADO PROFISSIONAL EM ADMINISTRAÇÃO PÚBLICA IN COMPANY, CONFORME CON";"2.658.960,00"
"28/12/2023";"28/12/2023";"Sem informação";"Ministério da Fazenda";"Ministério da Fazenda - Unidades com vínculo direto";"SUBSECR. DE ADMIN. TRANSF. DIGITAL E INOVACAO";"Sem Informação";"Serviços";"00015/2023";"Não se aplica";"CONTRATAÇÃO DE SERVIÇOS DE ORGANIZAÇÃO E REALIZAÇÃO DE CONCURSO PÚBLICO PARA PROVIMENTO DE 40 (QUARENTA) CARGOS NO ÂMBITO DA SECRETARIA DO TESOURO NACIONAL, NAS";"1.775.008,00"
"21/12/2023";"21/12/2023";"21/04/2027";"Ministério do Desenvolvimento e Assistência Social, Família e Combate à Fome";"Ministério do Desenvolvimento e Assistência Social, Família e Combate à Fome - Unidades com vínculo direto";"COORDENACAO GERAL DE LICITACOES E CONTRATOS.";"Sem Informação";"Serviços";"00075/2023";"Não se aplica";"CONTRATAÇÃO DE SERVIÇOS TÉCNICO ESPECIALIZADOS PARA ELABORAÇÃO DE METODOLOGIA PARA CRIAÇÃO E IMPLEMENTAÇÃO DE INDICADORES SOCIAIS E A REALIZAÇÃO DE ESTUDOS E AV";"14.081.101,91"
"21/12/2023";"21/12/2023";"30/06/2024";"Ministério da Integração e do Desenvolvimento Regional";"Agência Nacional de Águas e Saneamento Básico";"AGENCIA NACIONAL DE AGUAS E SANEAMENTO BASICO";"Inexigibilidade de Licitação";"Serviços";"00052/2023";"Não se aplica";"CONTRATAÇÃO DE SERVIÇOS DE CAPACITAÇÃO PARA A REALIZAÇÃO DO CURSO DE INTRODUÇÃO À AVALIAÇÃO DE IMPACTO, PELO CENTRO DE APRENDIZAGEM EM AVALIAÇÃO E RESULTADOS PA";"86.751,00"
"18/12/2023";"18/12/2023";"17/12/2028";"Ministério da Fazenda";"Comissão de Valores Mobiliários";"COMISSAO DE VALORES MOBILIARIOS";"Dispensa de Licitação";"Serviços";"00020/2023";"Não se aplica";"CONTRATAÇÃO DIRETA DE INSTITUIÇÃO ESPECIALIZADA PARA A REALIZAÇÃO DE CONCURSO PÚBLICO PARA O PROVIMENTO DE CARGOS DO QUADRO DE PESSOAL DA COMISSÃO DE VALORES MO";"2.399.000,00"
"11/12/2023";"11/12/2023";"11/12/2028";"Ministério da Educação";"Instituto Nacional de Estudos e Pesquisas Educacionais Anísio Teixeira";"INST.NACIONAL DE EST.E PESQUISAS EDUCACIONAIS";"Pregão";"Serviços";"00018/2023";"Não se aplica";"CONTRATAÇÃO EMPRESA/INSTITUIÇÃO ESPECIALIZADA NA PRESTAÇÃO DE SERVIÇOS PARA OPERACIONALIZAÇÃO DE APLICAÇÃO DE PRÉ-TESTES E QUESTIONÁRIOS NA MODALIDADE IMPRESSA";"30.296.678,75"
"23/10/2023";"23/10/2023";"14/04/2025";"Ministério dos Transportes";"Departamento Nacional de Infraestrutura de Transportes";"DEPART.NAC.INFRA ESTRUTURA TRANSPORTES.";"Dispensa de Licitação";"Serviços";"00603/2023";"Não se aplica";"CONTRATAÇÃO DE PRESTAÇÃO DE SERVIÇOS TÉCNICOS ESPECIALIZADOS DESTINADOS À REALIZAÇÃO DO CONCURSO PÚBLICO PARA PROVIMENTO DE 100 (CEM) CARGOS NO QUADRO DE PESSOA";"2.790.162,00"
"20/10/2023";"20/10/2023";"30/10/2026";"Ministério da Defesa";"Comando da Marinha";"DIRETORIA DO PESSOAL DA MARINHA";"Inexigibilidade de Licitação";"Outros";"00040/2023";"Não se aplica";"Curso de pós-graduação lato sensu, nível especialização, denominado MBA em Gestão Estratégica de Recursos Humanos, turma 10/2023 do Programa MBA Live";"40.686,12"
"06/10/2023";"06/10/2023";"06/10/2025";"Ministério da Ciência, Tecnologia e Inovação";"Ministério da Ciência, Tecnologia e Inovação - Unidades com vínculo direto";"INSTITUTO NACIONAL DE PESQ. ESPACIAIS-INPE";"Dispensa de Licitação";"Serviços";"00430/2023";"Não se aplica";"CONTRATAÇÃO DE SERVIÇOS TÉCNICOS ESPECIALIZADOS DE ORGANIZAÇÃO E REALIZAÇÃO DE CONCURSO PÚBLICO PARA O PREENCHIMENTO DAS VAGAS PARA OS CARGOS DE PROVIMENTO EFET";"4.616.000,00"
"28/09/2023";"28/09/2023";"31/07/2025";"Banco Central do Brasil - Orçamento Fiscal e Seguridade Social";"Banco Central do Brasil - Orçamento Fiscal e Seguridade Social - Unidades com vínculo direto";"BANCO CENTRAL DO BRASIL";"Sem Informação";"Outros";"50764/2023";"Fechado";"Inscrição de servidor do DEGEF no Mestrado Profissional em Economia com Ênfase em Finanças";"29.000,00"
"01/09/2023";"18/10/2023";"18/12/2024";"Ministério da Saúde";"Agência Nacional de Vigilância Sanitária";"AGENCIA NACIONAL DE VIGILANCIA SANITARIA";"Inexigibilidade de Licitação";"Outros";"00017/2023";"Não se aplica";"CONTRATAÇÃO DIRETA DE INSTITUIÇÃO ESPECIALIZADA NA PRESTAÇÃO DE SERVIÇO TÉCNICO PROFISSIONAL ESPECIALIZADO DE APERFEIÇOAMENTO DE PESSOAL, COM VISTAS À EFETIVAÇÃ";"21.737,00"
"09/08/2023";"09/08/2023";"27/07/2024";"Banco Central do Brasil - Orçamento Fiscal e Seguridade Social";"Banco Central do Brasil - Orçamento Fiscal e Seguridade Social - Unidades com vínculo direto";"BANCO CENTRAL DO BRASIL";"Sem Informação";"Outros";"50578/2023";"Fechado";"Inscrição de servidor do ADRJA na ação educacional Gerenciamento de Projetos FGV";"9.533,33"
"03/07/2023";"03/07/2023";"31/10/2024";"Ministério da Defesa";"Comando do Exército";"DEPARTAMENTO DE CIENCIA E TECNOLOGIA";"Inexigibilidade de Licitação";"Outros";"00004/2023";"Não se aplica";"CONTRATAÇÃO DE EMPRESA ESPECIALIZADA NA PRESTAÇÃO DE SERVIÇO DE CAPACITAÇÃO EM CURSO MBA EXECUTIVO EM BUSINESS ANALYTICS E BIG DATA.";"24.278,89"
"26/04/2023";"26/04/2023";"30/11/2023";"Ministério da Defesa";"Comando do Exército";"ESCOLA DE CMDO E ESTADO-MAIOR DO EXERCITO";"Inexigibilidade de Licitação";"Outros";"00025/2023";"Não se aplica";"MBA EXECUTIVO EM ADMINISTRAÇÃO: ESTUDO POLÍTICO E ESTRATÉGICOS - MBA/CIEE";"423.208,00"
"05/04/2023";"10/04/2023";"10/01/2024";"Ministério da Defesa";"Comando da Marinha";"DIRETORIA DE OBRAS CIVIS DA MARINHA";"Dispensa de Licitação";"Outros";"00002/2023";"Não se aplica";"PRESTAÇÃO DE SERVIÇO DE ASSESSORIA TÉCNICA INDEPENDENTE ESPECIALIZADA, POR INSTITUIÇÃO DE PESQUISA, ENSINO OU DESENVOLVIMENTO INSTITUCIONAL SEM FINS LUCRATIVOS";"2.407.500,00"
"22/03/2023";"22/03/2023";"22/01/2024";"Ministério da Defesa";"Comando do Exército";"ESCOLA DE CMDO E ESTADO-MAIOR DO EXERCITO";"Inexigibilidade de Licitação";"Outros";"00024/2023";"Não se aplica";"CONTRATAÇÃO DE SERVIÇOS ESPECIALIZADOS PARA REALIZAÇÃO DE CURSO DE PÓS-GRADUAÇÃO LATO-SENSU, NIVEL ESPECIALIZAÇÃO, DENOMINADO: MBA EXECUTIVO EM ADMINISTRAÇÃO: P";"912.842,00"
"01/03/2023";"02/03/2023";"02/01/2025";"Ministério da Defesa";"Comando da Marinha";"DIRETORIA DE ABASTECIMENTO DA MARINHA";"Dispensa de Licitação";"Outros";"00005/2023";"Não se aplica";"INSCRIÇÃO DE UM FUNCIONÁRIO DA MARINHA DO BRASIL NO CURSO DE PÓS-GRADUAÇÃO STRICTO SENSU DENOMINADO MESTRADO PROFISSIONAL EM ADMINISTRAÇÃO PÚBLICA - TURMA REGUL";"77.155,00"
"30/12/2022";"02/01/2023";"02/05/2027";"Ministério da Defesa";"Comando da Aeronáutica";"GRUPAMENTO DE APOIO DOS AFONSOS";"Inexigibilidade de Licitação";"Serviços";"00057/2022";"Não se aplica";"CONTRATAÇÃO DE CURSO DE PÓS-GRADUAÇÃO (MBA EXECUTIVO) DE PLANEJAMENTO E GESTÃO ESTRATÉGICOS, NA MODALIDADE EAD";"3.982.035,20"
"29/12/2022";"29/12/2022";"29/12/2023";"Ministério da Fazenda";"Receita Federal do Brasil";"SUPERINTENDENCIA REGIONAL DA RFB NA 7A RF";"Inexigibilidade de Licitação";"Outros";"00020/2022";"Não se aplica";"CONTRATAÇÃO DE CAPACITAÇÃO, CONTEMPLANDO CONHECIMENTO ESPECÍFICO SOBRE OS SETORES ECONÔMICOS DE SETORES DE ÓLEO & GÁS E DISTRIBUIÇÃO DE COMBUSTÍVEIS, FORMANDO U";"92.400,00"
"14/10/2022";"14/10/2022";"14/10/2027";"Ministério da Fazenda";"Receita Federal do Brasil";"SECRET. ESPECIAL DA RECEITA FEDERAL DO BRASIL";"Dispensa de Licitação";"Serviços";"00022/2022";"Não se aplica";"O OBJETO DO PRESENTE INSTRUMENTO É A CONTRATAÇÃO DE SERVIÇOS DE INSTITUIÇÃO ESPECIALIZADA PARA ORGANIZAR E REALIZAR CONCURSO PÚBLICO PARA PROVIMENTO DE CARGOS";"21.329.000,00"
"08/09/2022";"08/09/2022";"07/09/2023";"Ministério da Fazenda";"Ministério da Fazenda - Unidades com vínculo direto";"COBRA-COMPUTADORES E SIST.BRASILEIROS S/A";"Sem Informação";"Outros";"164/2022";"Fechado";"O presente contrato tem por objeto a prestação de serviços especializados em realização de Concurso Público para suprimento de vagas para os cargos definidos no";"1,00"
"31/08/2022";"31/08/2022";"30/04/2023";"Ministério de Minas e Energia";"Empresa de Pesquisa Energética";"EMPRESA DE PESQUISA ENERGETICA";"Dispensa de Licitação";"Outros";"00019/2022";"Não se aplica";"PRESTAÇÃO DE SERVIÇOS DE PESQUISA E FORNECIMENTO DE PREÇOS DE MÃO-DE-OBRA, MATERIAIS E EQUIPAMENTOS PARA O BANCO DE PREÇOS DO SISORH.";"413.252,72"
"25/08/2022";"26/08/2022";"26/08/2025";"Ministério dos Transportes";"Ministério dos Transportes - Unidades com vínculo direto";"COORDENACAO-GERAL DE GESTAO DE PESSOAS";"Inexigibilidade de Licitação";"Serviços";"00007/2022";"Não se aplica";"O OBJETO DO PRESENTE INSTRUMENTO É A CONTRATAÇÃO DIRETA, POR INEXIGIBILIDADE DE LICITAÇÃO, DE SERVIÇO TÉCNICO PROFISSIONAL ESPECIALIZADO RELATIVO À REALIZAÇÃO D";"350.000,00"
"19/08/2022";"19/08/2022";"19/02/2025";"Ministério de Minas e Energia";"Companhia de Pesquisa de Recursos Minerais";"COMPANHIA DE PESQUISA DE RECURSOS MINERAIS";"Dispensa de Licitação";"Outros";"00098/2022";"Não se aplica";"DESENVOLVIMENTO (SEM CESSÃO DE DIREITOS AUTORAIS) E A AQUISIÇÃO DE COTA DE PATROCÍNIO PELA CPRM PELO PERÍODO DE 02 (DOIS) ANOS DO CURSO EAD DENOMINADO POLÍTICAS";"230.000,00"
"18/08/2022";"18/08/2022";"11/11/2022";"Ministério de Minas e Energia";"Agência Nacional de Energia Elétrica";"AGENCIA NACIONAL DE ENERGIA ELETRICA";"Inexigibilidade de Licitação";"Outros";"00011/2022";"Não se aplica";"A PRESTAÇÃO DE SERVIÇOS DE TREINAMENTO E QUALIFICAÇÃO PROFISSIONAL, COM VISTAS À INSCRIÇÃO DO DIRETOR HÉLVIO NEVES GUERRA NO CURSO ""CHIEF EXECUTIVE OFFICE - CEO";"63.620,10"
"08/08/2022";"08/08/2022";"08/08/2024";"Ministério da Justiça e Segurança Pública";"Fundo Nacional de Segurança Pública";"FUNDO NACIONAL DE SEGURANCA PUBLICA - FNSP";"Inexigibilidade de Licitação";"Outros";"00052/2022";"Não se aplica";"O OBJETO DO PRESENTE INSTRUMENTO É A CONTRATAÇÃO DE EMPRESA ESPECIALIZADA NA PRESTAÇÃO DE SERVIÇOS EDUCACIONAIS, PARA FORNECER CURSO DE PÓS-GRADUAÇÃO EM NÍVEL D";"998.000,00"
"04/08/2022";"08/08/2022";"08/08/2023";"Advocacia-Geral da União";"Advocacia-Geral da União - Unidades com vínculo direto";"ESCOLA SUPERIOR AGU MINIST. VICTOR NUNES LEAL";"Inexigibilidade de Licitação";"Serviços";"00006/2022";"Não se aplica";"FORNECIMENTO DE 80 (OITENTA) VAGAS NO CURSO SOBRE DIREITO E ECONOMIA, DISTRIBUÍDAS EM DUAS TURMAS DE 40 (QUARENTA) ALUNOS EM CADA, NA MODALIDADE ONLINE, COM CAR";"120.000,00"
"29/07/2022";"29/07/2022";"10/09/2024";"Ministério da Defesa";"Comando do Exército";"CENTRO TECNOLOGICO DO EXERCITO";"Inexigibilidade de Licitação";"Outros";"00008/2022";"Não se aplica";"CURSO DE MESTRADO PROFISSIONAL EM ADMINISTRAÇÃO PÚBLICA - FGV - CONTRATO Nº 08/2022-CTEX, TERMO DE INEXIGIBILIDADE Nº 08/2022-CTEX, FUNDAÇÃO GETÚLIO VARGAS, CN";"250.329,60"
"27/07/2022";"29/07/2022";"29/12/2026";"Ministério da Previdência Social";"Instituto Nacional do Seguro Social";"COORDENACAO DE EXEC.ORCAMENTARIA E FINANCEIRA";"Inexigibilidade de Licitação";"Serviços";"00039/2022";"Não se aplica";"A CONTRATAÇÃO DE SERVIÇOS DE PÓS-GRADUAÇÃO STRICTO SENSU - MESTRADO PROFISSIONAL EM ADMINISTRAÇÃO PÚBLICA, QUE SERÃO PRESTADOS NAS CONDIÇÕES ESTABELECIDAS NO PR";"5.579.280,00"
"22/07/2022";"22/07/2022";"22/03/2024";"Ministério da Defesa";"Empresa Gerencial de Projetos Navais";"EMGEPRON - DIFERENCA DA INTEGRACAO";"Sem Informação";"Outros";"16/2022";"Fechado";"Contratação de serviço de consultoria e assessoria técnica especializada, com pessoa jurídica de notória especialização, avaliação de pleitos de reequilíbrio ec";"715.000,00"
"21/07/2022";"04/08/2022";"22/09/2022";"Presidência da República";"Empresa Brasil de Comunicação";"EMPRESA BRASIL DE COMUNICACAO S.A";"Sem Informação";"Outros";"00022/2022";"Não se aplica";"CONTRATAÇÃO DE CURSO ONLINE: NEGOCIAÇÃO E ADMINISTRAÇÃO DE CONFLITOS.";"1.960,00"
"14/07/2022";"15/07/2022";"15/07/2023";"Ministério da Educação";"Universidade Federal do Rio Grande do Sul";"UNIVERSIDADE FEDERAL DO RIO GRANDE DO SUL";"Inexigibilidade de Licitação";"Outros";"00026/2022";"Não se aplica";"CONTRATAÇÃO DE SOLUÇÃO DE TECNOLOGIA DA INFORMAÇÃO E COMUNICAÇÃO DE LICENCIAMENTO DE USO PELO FGV IBRE, SEM CARÁTER DE EXCLUSIVIDADE, DO BANCO DE DADOS, DE NATU";"9.582,82"
"07/07/2022";"07/07/2022";"07/05/2023";"Ministério da Integração e do Desenvolvimento Regional";"Ministério da Integração e do Desenvolvimento Regional - Unidades com vínculo direto";"SECRETARIA NACIONAL DE SEGURANCA HIDRICA SNSH";"Dispensa de Licitação";"Serviços";"00024/2022";"Não se aplica";"CONTRATAÇÃO DE EMPRESA PARA A PRESTAÇÃO DE SERVIÇOS TÉCNICOS ESPECIALIZADOS DE APURAÇÃO MENSAL DE 09 (NOVE) SÉRIES DE INTERESSE DOS ÍNDICES DE OBRAS HIDRELÉTRIC";"98.202,96"
"13/06/2022";"13/06/2022";"20/08/2023";"Ministério da Saúde";"Agência Nacional de Vigilância Sanitária";"AGENCIA NACIONAL DE VIGILANCIA SANITARIA";"Inexigibilidade de Licitação";"Serviços";"00029/2021";"Não se aplica";"CONTRATAÇÃO DIRETA, SOB A CATEGORIA DE INEXIGIBILIDADE DE LICITAÇÃO, DE INSTITUIÇÃO ESPECIALIZADA NA PRESTAÇÃO DE SERVIÇO TÉCNICO PROFISSIONAL ESPECIALIZADO DE";"16.500,00"
"23/05/2022";"23/05/2022";"23/02/2024";"Ministério da Defesa";"Ministério da Defesa - Unidades com vínculo direto";"HOSPITAL DAS FORCAS ARMADAS";"Inexigibilidade de Licitação";"Outros";"00003/2022";"Não se aplica";"CONTRATAÇÃO DE SERVIÇOS DE APERFEIÇOAMENTO ATRAVÉS DO MBA EXECUTIVO EM ADMINISTRAÇÃO: GESTÃO DE CLÍNICAS, HOSPITAIS E INDÚSTRIAS DE SAÚDE, QUE SERÃO PRESTADOS N";"66.578,00"
"02/05/2022";"02/05/2022";"02/05/2027";"Ministério da Integração e do Desenvolvimento Regional";"Agência Nacional de Águas e Saneamento Básico";"AGENCIA NACIONAL DE AGUAS E SANEAMENTO BASICO";"Inexigibilidade de Licitação";"Serviços";"00015/2022";"Não se aplica";"LICENCIAMENTO DE USO DO BANCO DE DADOS ON LINE DENOMINADO FGVDADOS, DE NATUREZA ESTATÍSTICA, ECONÔMICA E FINANCEIRA, ATRAVÉS DA INTERNET, SEM CARÁTER D";"10.409,57"
"31/03/2022";"31/03/2022";"12/08/2022";"Ministério de Minas e Energia";"Empresa de Pesquisa Energética";"EMPRESA DE PESQUISA ENERGETICA";"Dispensa de Licitação";"Outros";"00018/2022";"Não se aplica";"CURSO DE PÓS-GRADUAÇÃO LATO SENSU, DENOMINADO MBA EXECUTIVO EM ADMINISTRAÇÃO: NEGÓCIOS DO SETOR ELÉTRICO";"35.782,92"
"25/03/2022";"25/03/2022";"25/01/2024";"Ministério da Defesa";"Comando da Marinha";"DIRETORIA DE ABASTECIMENTO DA MARINHA";"Dispensa de Licitação";"Outros";"00004/2022";"Não se aplica";"INSCRIÇÃO DE UM OFICIAL DA MARINHA DO BRASIL NO CURSO DE PÓS-GRADUAÇÃO ""STRICTO SENSU"" EM MESTRADO PROFISSIONAL EM ADMINISTRAÇÃO PÚBLICA.";"74.898,68"
"23/03/2022";"23/03/2022";"23/04/2023";"Presidência da República";"Presidência da República";"SECRETARIA DE ADMINISTRACAO/PR";"Dispensa de Licitação";"Outros";"00013/2022";"Não se aplica";"PESQUISA, DESENVOLVIMENTO E APLICAÇÃO DE METODOLOGIA PARA TRIAGEM, ANÁLISE, AVALIAÇÃO E MONITORAMENTO DE INICIATIVAS DA MODERNIZAÇÃO.";"1.436.100,00"
"18/02/2022";"18/02/2022";"18/08/2023";"Ministério da Integração e do Desenvolvimento Regional";"Ministério da Integração e do Desenvolvimento Regional - Unidades com vínculo direto";"MIDR/ADMINISTRACAO GERAL";"Inexigibilidade de Licitação";"Outros";"00001/2022";"Não se aplica";"CONTRATAÇÃO DO CURSO DE PO?S-GRADUAC?A?O LATO-SENSU, NI?VEL ESPECIALIZAC?A?O, NA MODALIDADE LIVE, DENOMINADO MBA EXECUTIVO: PLANEJAMENTO, FINANCIAMENTO E GOVERN";"949.968,00"
"18/02/2022";"18/02/2022";"18/01/2024";"Ministério da Agricultura e Pecuária";"Ministério da Agricultura e Pecuária - Unidades com vínculo direto";"COORD.-GERAL DE EXECUCAO ORC.E FIN./DA/MAPA";"Inexigibilidade de Licitação";"Outros";"00005/2022";"Não se aplica";"O OBJETO DO PRESENTE INSTRUMENTO É A CONTRATAÇÃO DE 01 (UMA) VAGA, VISANDO À INSCRIÇÃO DE SERVIDOR (A) DO MINISTÉRIO DA AGRICULTURA PECUÁRIA E ABASTECIMENTO (MA";"70.327,00"
"14/02/2022";"14/02/2022";"14/02/2023";"Ministério dos Transportes";"VALEC Engenharia, Construções e Ferrovias S.A.";"VALEC ENGENHARIA, CONSTRUCOES E FERROVIAS S.A";"Sem Informação";"Outros";"00003/2022";"Não se aplica";"CONTRATAÇÃO DE EMPRESA PARA TREINAMENTO E CONSULTORIA NO PROGRAMA BRASILEIRO GHG PROTOCOL.";"22.400,00"
"14/02/2022";"14/02/2022";"14/02/2023";"Ministério da Defesa";"Comando da Marinha";"DIRETORIA DE OBRAS CIVIS DA MARINHA";"Dispensa de Licitação";"Outros";"00002/2022";"Não se aplica";"PRESTAÇÃO DE SERVIÇO POR INSTITUIÇÃO DE PESQUISA, ENSINO OU DESENVOLVIMENTO INSTITUCIONAL, SEM FINS LUCRATIVOS E COM INQUESTIONÁVEL REPUTAÇÃO ÉTICO-PROFISSIONAL";"5.965.000,00"
"19/01/2022";"19/01/2022";"19/01/2026";"Ministério da Defesa";"Comando da Aeronáutica";"GRUPAMENTO DE APOIO DO RIO DE JANEIRO";"Sem Informação";"Outros";"00003/2022";"Não se aplica";"CONTRATAÇÃO DE 1 (UMA) VAGA NO CURSO DE DOUTORADO PROFISSIONAL EM ADMINISTRAÇÃO, A SER MINISTRADO PELA FUNDAÇÃO GETÚLIO VARGAS, 01 (UM) MILITAR DA ATIVA DO EFET";"177.660,00"
"04/01/2022";"04/01/2022";"03/01/2024";"Ministério da Educação";"Fundação Universidade Federal do Pampa";"FUNDACAO UNIVERSIDADE FEDERAL DO PAMPA";"Inexigibilidade de Licitação";"Serviços";"00040/2021";"Não se aplica";"LICENCIAMENTO DE USO, PELO FGV IBRE, SEM CARÁTER DE EXCLUSIVIDADE, DO BANCO DE DADOS, DE NATUREZA ESTATÍSTICA, ECONÔMICA E FINANCEIRA, DISPONIBILIZADO À LICENCI";"9.742,20"
"31/12/2021";"31/12/2021";"31/12/2024";"Ministério da Previdência Social";"Instituto Nacional do Seguro Social";"COORDENACAO DE EXEC.ORCAMENTARIA E FINANCEIRA";"Inexigibilidade de Licitação";"Serviços";"00045/2021";"Não se aplica";"A CONTRATAÇÃO DE SERVIÇOS DE PÓS GRADUAÇÃO LATO-SENSU - ESPECIALIZAÇÃO EM ADMINISTRAÇÃO PÚBLICA , DOS CURSOS MBA EXECUTIVO: ADMINISTRAÇÃO PÚBLICA, MBA EM GESTÃO";"3.600.000,00"
"30/12/2021";"30/12/2021";"30/06/2024";"Ministério da Previdência Social";"Instituto Nacional do Seguro Social";"COORDENACAO DE EXEC.ORCAMENTARIA E FINANCEIRA";"Inexigibilidade de Licitação";"Serviços";"00041/2021";"Não se aplica";"A CONTRATAÇÃO DE SERVIÇOS DE PÓS GRADUAÇÃO STRICTO SENSU - MESTRADO PROFISSIONAL EM ADMINISTRAÇÃO PÚBLICA PROMOVIDO PELA FUNDAÇÃO GETÚLIO VARGAS - FGV, PARA 40";"2.789.640,00"
"23/12/2021";"23/12/2021";"22/12/2024";"Ministério da Fazenda";"Ministério da Fazenda - Unidades com vínculo direto";"SUBSECR. DE ADMIN. TRANSF. DIGITAL E INOVACAO";"Inexigibilidade de Licitação";"Serviços";"00007/2021";"Não se aplica";"CONTRATAÇÃO DE SERVIÇOS DE EDUCACIONAIS DE CAPACITAÇÃO E DESENVOLVIMENTO DE SERVIDORES, EM CURSO DE PÓS-GRADUAÇÃO STRICTO SENSU, DENOMINADO DOUTORADO PROFISSIO";"140.119,00"
"22/12/2021";"23/12/2021";"19/07/2024";"Ministério da Gestão e da Inovação em Serviços Públicos";"Ministério da Gestão e da Inovação em Serviços Públicos - Unidades com vínculo direto";"CENTRO DE SERVICOS COMPARTILHADOS - MGI";"Inexigibilidade de Licitação";"Outros";"00059/2021";"Não se aplica";"CONTRATAÇÃO DE SERVIÇOS TÉCNICO PROFISSIONAL ESPECIALIZADO RELATIVO À REALIZAÇÃO DE TREINAMENTO E APERFEIÇOAMENTO DE PESSOAL, DA FUNDAÇÃO GETÚLIO VARGAS - FGV";"1.883.007,00"
"21/12/2021";"21/12/2021";"21/12/2022";"Ministério da Fazenda";"Receita Federal do Brasil";"SUPERINTENDENCIA REGIONAL DA RFB NA 7A RF";"Inexigibilidade de Licitação";"Outros";"00020/2021";"Não se aplica";"CONTRATAÇÃO DO SERVIÇO DE CAPACITAÇÃO: ""PROGRAMA TRIBUTAÇÃO SETORIAL E PLANEJAMENTO TRIBUTÁRIO"", FORMADO POR DOIS CURSOS, DENOMINADOS ""MINERAÇÃO"" E ""SETOR ELÉTR";"148.000,00"
"13/12/2021";"13/12/2021";"12/12/2022";"Ministério do Planejamento e Orçamento";"Fundação Instituto Brasileiro de Geografia e Estatística";"FUNDACAO IBGE-ADMINISTRACAO CENTRAL/RJ";"Dispensa de Licitação";"Outros";"00025/2021";"Não se aplica";"PROCESSOS SELETIVOS SIMPLIFICADOS - PSS, PARA A CONTRATAÇÃO TEMPORÁRIA DAS FUNÇÕES DE AGENTE CENSITÁRIO MUNICIPAL, AGENTE CENSITÁRIO SUPERVISOR E RECENSEADOR, Q";"50.572.813,00"
"10/12/2021";"10/12/2021";"31/01/2025";"Advocacia-Geral da União";"Advocacia-Geral da União - Unidades com vínculo direto";"DIRETORIA DE GESTAO DE PESSOAS";"Inexigibilidade de Licitação";"Serviços";"00052/2021";"Não se aplica";"CONTRATAÇÃO DE INSTITUIÇÃO DE ENSINO PARA PROMOVER CAPACITAÇÃO NO CURSO DE MESTRADO PROFISSIONAL EM ADMINISTRAÇÃO PÚBLICA CONFORME CONDIÇÕES, QUANTIDADES E EXIG";"9.335.250,00"
"06/12/2021";"30/12/2021";"29/12/2026";"Ministério das Comunicações";"Agêncial Nacional de Telecomunicações";"AGENCIA NACIONAL DE TELECOMUNICACOES-SEDE";"Inexigibilidade de Licitação";"Serviços";"00118/2021";"Não se aplica";"CONTRATAÇÃO DE LICENÇA DE USO (ASSINATURA), SEM CARÁTER DE EXCLUSIVIDADE, DO BANCO DE DADOS FGVDADOS, DE NATUREZA ESTATÍSTICA, ECONÔMICA E FINANCEIRA, NA QUANTI";"12.211,44"
"29/11/2021";"16/12/2021";"10/02/2022";"Banco Central do Brasil - Orçamento Fiscal e Seguridade Social";"Banco Central do Brasil - Orçamento Fiscal e Seguridade Social - Unidades com vínculo direto";"BANCO CENTRAL DO BRASIL";"Sem Informação";"Outros";"50618/2021";"Fechado";"Inscrição de servidores do DEORF no curso Direito Societário: Sociedade Ltda";"8.694,00"
"18/11/2021";"18/11/2021";"18/11/2023";"Controladoria-Geral da União";"Controladoria-Geral da União - Unidades com vínculo direto";"COORD-GERAL DE LICITACAO,CONTR.E DOCUMENTACAO";"Dispensa de Licitação";"Serviços";"00025/2021";"Não se aplica";"CONTRATAÇÃO DIRETA DE SERVIÇO DE INSTITUIÇÃO ESPECIALIZADA PARA ORGANIZAR E REALIZAR CONCURSO PÚBLICO PARA O PROVIMENTO DE 375 (TREZENTOS E SETENTA E CINCO) CAR";"4.192.500,00"
"17/11/2021";"19/11/2021";"18/10/2024";"Ministério da Fazenda";"Receita Federal do Brasil";"SUPERINTENDENCIA REGIONAL DA RFB NA 8A RF";"Inexigibilidade de Licitação";"Serviços";"00006/2021";"Não se aplica";"CONTRATAÇÃO DE PRESTAÇÃO DE SERVIÇOS EDUCACIONAIS DE CURSO DE PÓS-GRADUAÇÃO STRICTO SENSU DE MESTRADO PROFISSIONAL EM ADMINISTRAÇÃO PÚBLICA.";"2.420.250,00"
"18/10/2021";"18/10/2021";"18/05/2023";"Ministério da Defesa";"Comando da Aeronáutica";"GRUPAMENTO DE APOIO DO RIO DE JANEIRO";"Inexigibilidade de Licitação";"Serviços";"00035/2021";"Não se aplica";"O OBJETO DO PRESENTE INSTRUMENTO É A CONTRATAÇÃO DE MBA GERENCIAMENTO DE PROJETOS PARA 06 (SEIS) MILITARES DO ICA QUE SERÃO PRESTADOS NAS CONDIÇÕES ESTABELECIDA";"196.560,00"
"14/10/2021";"25/10/2021";"24/08/2022";"Banco Central do Brasil - Orçamento Fiscal e Seguridade Social";"Banco Central do Brasil - Orçamento Fiscal e Seguridade Social - Unidades com vínculo direto";"BANCO CENTRAL DO BRASIL";"Sem Informação";"Outros";"50575/2021";"Fechado";"Inscrição de participante da COAF no Mestrado Profissional em Administração Pública""";"70.862,00"
"14/10/2021";"14/10/2021";"13/06/2024";"Ministério da Fazenda";"Ministério da Fazenda - Unidades com vínculo direto";"PROCURADORIA GERAL DA FAZENDA NACIONAL";"Inexigibilidade de Licitação";"Outros";"00004/2021";"Não se aplica";"CONTRATAÇÃO DA FUNDAÇÃO GETÚLIO VARGAS - FGV PARA A OFERTA DE VAGAS NA TURMA ESPECIAL DO MESTRADO PROFISSIONAL DA FGV DIREITO - SP, A FIM DE CAPACITAR AGENTES P";"1.972.000,00"
"22/09/2021";"24/09/2021";"24/03/2025";"Ministério dos Transportes";"Departamento Nacional de Infraestrutura de Transportes";"DEPART.NAC.INFRA ESTRUTURA TRANSPORTES.";"Dispensa de Licitação";"Serviços";"00490/2021";"Não se aplica";"PRESTAÇÃO DE SERVIÇOS TÉCNICOS ESPECIALIZADOS, REFERENTES À MANUTENÇÃO DO SISTEMA DE CUSTOS REFERENCIAIS DE OBRAS - SICRO, À MANUTENÇÃO DA TABELA DE PREÇOS DE C";"90.459.826,62"
"16/09/2021";"16/09/2021";"16/09/2022";"Ministério da Saúde";"Ministério da Saúde - Unidades com vínculo direto";"SUBSECRETARIA DE ASSUNTOS ADMINISTRATIVOS/MS";"Dispensa de Licitação";"Outros";"00084/2021";"Não se aplica";"CONTRATAÇÃO DE EMPRESA ESPECIALIZADA PARA REALIZAÇÃO DE PROCESSO SELETIVO SIMPLIFICADO, A FIM DE PROMOVER A SELEÇÃO DE PROFISSIONAIS PARA ATENDER À NECESSIDADE";"1,00"
"30/07/2021";"01/08/2021";"31/07/2023";"Ministério da Defesa";"Comando da Aeronáutica";"GRUPAMENTO DE APOIO DOS AFONSOS";"Inexigibilidade de Licitação";"Serviços";"00011/2021";"Não se aplica";"MESTRADO PROFISSIONAL EM ECONOMIA E FINANÇAS";"74.268,00"
"26/07/2021";"26/07/2021";"17/05/2023";"Ministério da Defesa";"Comando da Aeronáutica";"GRUPAMENTO DE APOIO DE S J CAMPOS";"Inexigibilidade de Licitação";"Serviços";"00009/2021";"Não se aplica";"CONTRATAÇÃO DE UMA VAGA NO CURSO DE MBA EM GESTÃO PROJETOS, MINISTRADO PELA FUNDAÇÃO GETÚLIO VARGAS-FGV, TURMA 2021";"27.519,45"
"21/07/2021";"21/07/2021";"21/07/2023";"Advocacia-Geral da União";"Advocacia-Geral da União - Unidades com vínculo direto";"DIRETORIA DE GESTAO DE PESSOAS";"Inexigibilidade de Licitação";"Outros";"00001/2021";"Não se aplica";"CONTRATAÇÃO DE INSTITUIÇÃO DE ENSINO PARA PROMOVER CAPACITAÇÃO NO CURSO DE MESTRADO PROFISSIONAL EM ADMINISTRAÇÃO PÚBLICA CONFORME QUANTIDADES E EXIGÊNCIAS EST";"6.223.500,00"
"14/05/2021";"17/05/2021";"27/01/2023";"Ministério da Defesa";"Comando do Exército";"HOSPITAL DE GUARNICAO DE JOAO PESSOA";"Inexigibilidade de Licitação";"Outros";"00007/2021";"Não se aplica";"PELO PRESENTE INSTRUMENTO, O HOSPITAL DE GUARNIÇÃO DE JOÃO PESSOA CONTRATA COM A FUNDAÇÃO GETÚLIO VARGAS A PARTICIPAÇÃO DA MILITAR INDICADA, DORAVANTE DESIGNAD";"21.000,00"
"19/04/2021";"19/04/2021";"19/02/2023";"Ministério da Defesa";"Comando da Marinha";"DIRETORIA DE ABASTECIMENTO DA MARINHA";"Dispensa de Licitação";"Serviços";"00022/2021";"Não se aplica";"CURSO DE PÓS-GRADUAÇÃO ""STRICTO SENSU"" MESTRADO PROFISSIONAL EM ADMINISTRAÇÃO PÚBLICA";"72.096,00"
"14/04/2021";"14/04/2021";"30/11/2022";"Ministério da Defesa";"Comando do Exército";"DEPARTAMENTO DE EDUCACAO E CULTURA DO EXERCIT";"Inexigibilidade de Licitação";"Serviços";"00003/2021";"Não se aplica";"CURSO DE PÓS GRADUAÇÃO STRICTO SENSU DENOMINADO MESTRADO PROFISSIONAL EM ADMINISTRAÇÃO PÚBLICA.";"64.886,40"
"01/03/2021";"01/03/2021";"01/03/2026";"Ministério da Defesa";"Comando da Aeronáutica";"GRUPAMENTO DE APOIO DOS AFONSOS";"Inexigibilidade de Licitação";"Serviços";"00003/2021";"Não se aplica";"CONTRATAÇÃO DE SERVIÇO DE PROGRAMA DE CAPACITAÇÃO IN COMPANY (CURSO FECHADO) EM PROJETOS E PROCESSOS, NA MODALIDADE DE EDUCAÇÃO A DISTÂNCIA (EAD), A SER APLICAD";"656.074,80"
"01/03/2021";"01/03/2021";"10/12/2021";"Ministério da Defesa";"Comando do Exército";"ESCOLA DE CMDO E ESTADO-MAIOR DO EXERCITO";"Inexigibilidade de Licitação";"Outros";"00002/2021";"Não se aplica";"CONTRATAÇÃO DA FUNDAÇÃO GETÚLIO VARGAS, PARA A REALIZAÇÃO DE CURSO DE PÓS GRADUAÇÃO LATO-SENSU, NÍVEL ESPECIALIZAÇÃO, DENOMINADO ""MBA EXECUTIVO, COM ÊNFASE EM A";"754.272,00"
"31/12/2020";"31/12/2020";"31/12/2025";"Ministério dos Transportes";"Agência Nacional de Transportes Terrestres";"AGENCIA NACIONAL DE TRANSPORTES TERRESTRES";"Inexigibilidade de Licitação";"Serviços";"00034/2020";"Não se aplica";"LICENCIAMENTO DE USO DO BANCO DE DADOS DENOMINADO ""FGVDADOS ADVANCED";"16.817,89"
"29/12/2020";"29/12/2020";"29/12/2023";"Ministério da Justiça e Segurança Pública";"Conselho Administrativo de Defesa Econômica";"CONSELHO ADMINISTRATIVO DE DEFESA ECONOMICA";"Inexigibilidade de Licitação";"Serviços";"00022/2020";"Não se aplica";"O PRESENTE CONTRATO TEM POR OBJETO A EXECUÇÃO DE 1 TURMA DO CURSO PÓS-GRADUAÇÃO, LATO SENSU, DENOMINADO PÓS-GRADUAÇÃO EM DEFESA DA CONCORRÊNCIA E DIREITO ECONÔ";"915.840,00"
"29/12/2020";"29/12/2020";"28/12/2022";"Ministério da Defesa";"Comando do Exército";"DEPARTAMENTO DE ENGENHARIA E CONSTRUCAO";"Inexigibilidade de Licitação";"Serviços";"00016/2020";"Não se aplica";"CONTRATAÇÃO DE PRESTAÇÃO DE SERVIÇODE CURSO DE MESTRADO PROFISSIONAL EM ECONOMIAQUE SERÃO PRESTADOS NAS CONDIÇÕES ESTABELECIDASNA PROPOSTA DA CONTRATADA. CNPJ:";"85.190,00"
"28/12/2020";"28/12/2020";"28/12/2026";"Advocacia-Geral da União";"Advocacia-Geral da União - Unidades com vínculo direto";"DIRETORIA DE GESTAO DE PESSOAS";"Inexigibilidade de Licitação";"Outros";"00003/2020";"Não se aplica";"CONTRATAÇÃO DE PRESTAÇÃO DE SERVIÇOS DE PESQUISA APLICADA, PRODUÇÃO E APLICAÇÃO DO CONHECIMENTO";"9.300.000,00"
"24/12/2020";"24/12/2020";"18/12/2021";"Ministério da Educação";"Fundo Nacional de Desenvolvimento da Educação";"FUNDO NACIONAL DE DESENVOLVIMENTO DA EDUCACAO";"Inexigibilidade de Licitação";"Outros";"00311/2020";"Não se aplica";"AQUISIÇÃO DE OBRAS LITERÁRIAS, DESTINADAS AOS ESTUDANTES E PROFESSORES DOS ANOS FINAIS DO ENSINO FUNDAMENTAL (6º AO 9º ANO) DAS ESCOLAS DA EDUCAÇÃO BÁSICA PÚBLI";"664.397,46"
"23/12/2020";"23/12/2020";"23/06/2023";"Advocacia-Geral da União";"Advocacia-Geral da União - Unidades com vínculo direto";"DIRETORIA DE GESTAO DE PESSOAS";"Inexigibilidade de Licitação";"Outros";"00002/2020";"Não se aplica";"CONTRATAÇÃO DE INSTITUIÇÃO DE ENSINO PARA PROMOVER CAPACITAÇÃO NOS CURSOS DE MBA EXECUTIVO E MESTRADO PROFISSIONAL EM ADMINISTRAÇÃO PÚBLICA";"3.932.550,00"
"22/12/2020";"22/12/2020";"22/12/2022";"Controladoria-Geral da União";"Controladoria-Geral da União - Unidades com vínculo direto";"COORD-GERAL DE LICITACAO,CONTR.E DOCUMENTACAO";"Inexigibilidade de Licitação";"Serviços";"00031/2020";"Não se aplica";"PRESTAÇÃO DE SERVIÇOS EDUCACIONAIS PELA ESCOLA BRASILEIRA DE ADMINISTRAÇÃO PÚBLICA E DE EMPRESAS DA FUNDAÇÃO GETÚLIO VARGAS - FGV EBAPE, POR MEIO DE EDITAL, PRO";"0,00"
"07/12/2020";"07/12/2020";"07/10/2022";"Ministério da Defesa";"Comando da Aeronáutica";"GRUPAMENTO DE APOIO DE S J CAMPOS";"Inexigibilidade de Licitação";"Serviços";"00027/2020";"Não se aplica";"O OBJETO DO PRESENTE INSTRUMENTO É A CONTRATAÇÃO DE UMA VAGA NO CURSO DE MBA EM GESTÃO FINANCEIRA, CONTROLADORIA E AUDITORIA, MINISTRADO PELA FUNDAÇÃO GETULIO V";"32.413,84"
"25/11/2020";"25/11/2020";"30/11/2022";"Ministério da Fazenda";"Receita Federal do Brasil";"SUPERINTENDENCIA REGIONAL DA RFB NA 7A RF";"Inexigibilidade de Licitação";"Serviços";"00012/2020";"Não se aplica";"REALIZAÇÃO DE MESTRADO PROFISSIONAL EMADMINISTRAÇÃO PÚBLICA CALENDÁRIO ACADÊMICO.";"414.900,00"
"23/11/2020";"23/11/2020";"23/04/2022";"Ministério da Justiça e Segurança Pública";"Polícia Rodoviária Federal";"SUPERINTENDENCIA DA PRF EM GOIAS";"Inexigibilidade de Licitação";"Outros";"00017/2020";"Não se aplica";"CONTRATAÇÃO DA FUNDAÇÃO GETÚLIO VARGAS, INSCRITA NO CNPJ/MF SOB O Nº 33.641.663/0001-44, PARA PARTICIPAÇÃO DE 01 (UM) SERVIDOR DA SUPERINTENDÊNCIA DA POLÍCIA RO";"14.850,00"
"17/11/2020";"17/11/2020";"17/09/2022";"Ministério da Saúde";"Agência Nacional de Saúde Suplementar";"AGENCIA NACIONAL DE SAUDE SUPLEMENTAR";"Inexigibilidade de Licitação";"Outros";"00021/2020";"Não se aplica";"CONTRATAÇÃO NO CURSO DE PÓS-GRADUAÇÃO STRICTO SENSU DENOMINADO MESTRADO EM ADMINISTRAÇÃO PÚBLICA. ESTE TERMO DE CONTRATO VINCULA-SE A INEXIGIBILIDADE DE LICITAÇ";"70.327,00"
"11/11/2020";"11/11/2020";"31/12/2022";"Ministério da Gestão e da Inovação em Serviços Públicos";"Fundação Escola Nacional de Administração Pública";"FUNDACAO ESCOLA NACIONAL DE ADM. PUBLICA";"Inexigibilidade de Licitação";"Serviços";"00010/2020";"Não se aplica";"CONTRATAÇÃO DE SERVIÇO ESPECIALIZADO DETREINAMENTO E DESENVOLVIMENTO DE PESSOAS EM AVALIAÇÃO DE POLÍTICAS PÚBLICAS.";"192.250,00"
"19/10/2020";"19/10/2020";"19/10/2022";"Ministério da Defesa";"Comando da Aeronáutica";"GRUPAMENTO DE APOIO DO RIO DE JANEIRO";"Inexigibilidade de Licitação";"Serviços";"00037/2020";"Não se aplica";"CONTRATAÇÃO DE EMPRESA ESPECIALIZADA, VISANDO À CAPACITAÇÃO PROFISSIONAL DE 01 (UM) SERVIDOR MILITAR DO GRUPAMENTO DE APOIO DO RIO DE JANEIRO NO CURSO DE MESTRA";"76.464,00"
"14/10/2020";"14/10/2020";"13/10/2022";"Ministério da Defesa";"Indústria de Material Bélico do Brasil";"INDUSTRIA DE MATERIAL BELICO DO BRASIL - UA";"Dispensa de Licitação";"Outros";"00009/2020";"Não se aplica";"PRESTAÇÃO DE SERVIÇOS DE PLANEJAMENTO E REALIZAÇÃO DE CONCURSO PÚBLICO PARA A FORMAÇÃO DE CADASTRO RESERVA DE PESSOAL, NA SUA SEDE -BRASÍLIA/DF E NAS SUAS UNIDA";"800.000,00"
"13/10/2020";"13/10/2020";"10/01/2022";"Ministério da Defesa";"Empresa Gerencial de Projetos Navais";"EMGEPRON - DIFERENCA DA INTEGRACAO";"Sem Informação";"Outros";"28/2020";"Fechado";"Prestação de serviço de apoio em assessoria técnica e desenvolvimento de capacidade institucional da Marinha do Brasil(MB) para eleboração e aplicação de modelo";"19.000.000,00"
"12/10/2020";"12/10/2020";"12/10/2022";"Ministério da Defesa";"Comando da Aeronáutica";"GRUPAMENTO DE APOIO DOS AFONSOS";"Inexigibilidade de Licitação";"Serviços";"00031/2020";"Não se aplica";"CONTRATAÇÃO DE INSTITUIÇÃO DE ENSINO PARA A PRESTAÇÃO DE CURSO DE MESTRADO (STRICTO SENSU) PROFISSIONAL EM ADMINISTRAÇÃO PÚBLICA PARA A DIRETORIA DE ADMINISTRAÇ";"76.464,00"
"24/09/2020";"01/10/2020";"15/11/2020";"Banco Central do Brasil - Orçamento Fiscal e Seguridade Social";"Banco Central do Brasil - Orçamento Fiscal e Seguridade Social - Unidades com vínculo direto";"BANCO CENTRAL DO BRASIL";"Sem Informação";"Outros";"50709/2020";"Fechado";"Inscrição de servidora do Deorf em curso online Direito Empresarial para Gestores";"966,00"
"24/09/2020";"01/10/2020";"15/11/2020";"Banco Central do Brasil - Orçamento Fiscal e Seguridade Social";"Banco Central do Brasil - Orçamento Fiscal e Seguridade Social - Unidades com vínculo direto";"BANCO CENTRAL DO BRASIL";"Sem Informação";"Outros";"50710/2020";"Fechado";"Inscrição de servidor do Deorf em curso online Direito Societário Sociedade Anônima";"966,00"
"24/09/2020";"01/10/2020";"15/11/2020";"Banco Central do Brasil - Orçamento Fiscal e Seguridade Social";"Banco Central do Brasil - Orçamento Fiscal e Seguridade Social - Unidades com vínculo direto";"BANCO CENTRAL DO BRASIL";"Sem Informação";"Outros";"50712/2020";"Fechado";"Inscrição de servidor do Deorf em curso online Direito Societário Sociedade Ltda";"966,00"
"18/09/2020";"01/01/2021";"31/12/2024";"Ministério da Defesa";"Comando do Exército";"ESCOLA DE CMDO E ESTADO-MAIOR DO EXERCITO";"Inexigibilidade de Licitação";"Serviços";"00012/2020";"Não se aplica";"CONTRATAÇÃO DA FUNDAÇÃO GETÚLIO VARGAS, PARA A REALIZAÇÃO DA AMPLIAÇÃO DA PESQUISA E DO DESENVOLVIMENTO EM CIÊNCIAS MILITARES DA ESCOLA DE COMANDO E ESTADO-MAIO";"11.946.469,64"
"03/09/2020";"03/09/2020";"04/01/2021";"Ministério da Defesa";"Comando da Marinha";"DIRETORIA DE OBRAS CIVIS DA MARINHA";"Dispensa de Licitação";"Serviços";"00006/2020";"Não se aplica";"PRESTAÇÃO DE SERVIÇO POR INSTITUIÇÃO DE PESQUISA, ENSINO OU DESENVOLVIMENTO INSTITUCIONAL, SEM FINS LUCRATIVOS E COM INQUESTIONÁVEL REPUTAÇÃO ÉTICO-PROFISSIONAL";"6.692.965,87"
"02/09/2020";"03/09/2020";"22/10/2020";"Banco Central do Brasil - Orçamento Fiscal e Seguridade Social";"Banco Central do Brasil - Orçamento Fiscal e Seguridade Social - Unidades com vínculo direto";"BANCO CENTRAL DO BRASIL";"Sem Informação";"Outros";"50586/2020";"Fechado";"Inscrição de servidores da SECRE em ação de capacitação online Gestao da Informacao e do Conhecimento";"966,00"
"31/08/2020";"31/08/2020";"31/12/2022";"Ministério da Fazenda";"Receita Federal do Brasil";"SUPERINTENDENCIA REGIONAL DA RFB NA 7A RF";"Inexigibilidade de Licitação";"Serviços";"00006/2020";"Não se aplica";"CONTRATAÇÃO DE SERVIÇOS PARA A REALIZAÇÃO DA CAPACITAÇÃO ""DESENVOLVIMENTO DE GESTORES- COMUNICAÇÃO INTERNA E EXTERNA"".";"1.433.600,00"
"07/08/2020";"07/08/2020";"05/08/2022";"Ministério da Gestão e da Inovação em Serviços Públicos";"Ministério da Gestão e da Inovação em Serviços Públicos - Unidades com vínculo direto";"CENTRO DE SERVICOS COMPARTILHADOS - MGI";"Inexigibilidade de Licitação";"Serviços";"00027/2020";"Não se aplica";"O OBJETO DO PRESENTE INSTRUMENTO É ACONTRATAÇÃO DIRETA, POR INEXIGIBILIDADE DE LICITAÇÃO, DE SERVIÇO TÉCNICO PROFISSIONAL ESPECIA-LIZADO RELATIVO Á REALIZAÇÃO D";"94.656,00"
"01/07/2020";"09/07/2020";"28/07/2020";"Banco Central do Brasil - Orçamento Fiscal e Seguridade Social";"Banco Central do Brasil - Orçamento Fiscal e Seguridade Social - Unidades com vínculo direto";"BANCO CENTRAL DO BRASIL";"Sem Informação";"Outros";"50408/2020";"Fechado";"Inscrição de servidores DERIN curso online: Gerenciamento da Comunicação e Stakeholders em Projetos";"1.932,00"
"24/06/2020";"09/07/2020";"27/08/2020";"Banco Central do Brasil - Orçamento Fiscal e Seguridade Social";"Banco Central do Brasil - Orçamento Fiscal e Seguridade Social - Unidades com vínculo direto";"BANCO CENTRAL DO BRASIL";"Sem Informação";"Outros";"50373/2020";"Fechado";"Inscrição de servidora do DEGEF em curso à distância Inovação Estratégica";"966,00"
"24/06/2020";"09/07/2020";"27/08/2020";"Banco Central do Brasil - Orçamento Fiscal e Seguridade Social";"Banco Central do Brasil - Orçamento Fiscal e Seguridade Social - Unidades com vínculo direto";"BANCO CENTRAL DO BRASIL";"Sem Informação";"Outros";"50372/2020";"Fechado";"Inscrição de servidores do DEGEF no Curso a distância Competências Gerenciais";"1.835,40"
"23/06/2020";"09/07/2020";"27/08/2020";"Banco Central do Brasil - Orçamento Fiscal e Seguridade Social";"Banco Central do Brasil - Orçamento Fiscal e Seguridade Social - Unidades com vínculo direto";"BANCO CENTRAL DO BRASIL";"Sem Informação";"Outros";"50361/2020";"Fechado";"Inscrição de servidora do DEGEF no Curso a distância Negociação e Administração de Conflitos promovido pela FGV";"966,00"
"16/06/2020";"18/06/2020";"07/08/2020";"Banco Central do Brasil - Orçamento Fiscal e Seguridade Social";"Banco Central do Brasil - Orçamento Fiscal e Seguridade Social - Unidades com vínculo direto";"BANCO CENTRAL DO BRASIL";"Sem Informação";"Outros";"50343/2020";"Fechado";"Inscrição em Curso Gestão de Custos";"2.608,20"
"18/05/2020";"18/05/2020";"18/02/2021";"Ministério de Minas e Energia";"Empresa de Pesquisa Energética";"EMPRESA DE PESQUISA ENERGETICA";"Sem Informação";"Outros";"5/2020";"Fechado";"Serviços técnicos especializados para continuidade da alimentação do banco de dados do sistema SISORH.";"383.800,00"
"25/03/2020";"21/04/2020";"21/04/2026";"Ministério de Portos e Aeroportos";"Agência Nacional de Aviação Civil";"AGENCIA NACIONAL DE AVIACAO CIVIL";"Inexigibilidade de Licitação";"Serviços";"00004/2020";"Não se aplica";"SERVIÇOS CONTÍNUOS DE GESTÃO DO SISTEMADE AFERIÇÃO DE CONHECIMENTOS TEÓRICOS, INCLUINDO INSCRIÇÃO, AGENDAMENTO, APLICAÇÃO E AVALIAÇÃOELETRÔNICAS DE EXAMES TEÓRI";"6.155.139,00"
"16/03/2020";"16/03/2020";"30/05/2023";"Ministério da Educação";"Instituto Nacional de Estudos e Pesquisas Educacionais Anísio Teixeira";"INST.NACIONAL DE EST.E PESQUISAS EDUCACIONAIS";"Pregão";"Serviços";"00004/2020";"Não se aplica";"CONTRATAÇÃO DE EMPRESA ESPECIALIZADA PARA OPERACIONALIZAÇÃO DA APLICAÇÃO DO PRÉ-TESTEE DA APLICAÇÃO PRINCIPAL DA AVALIAÇÃO EM LARGAESCALA DO PISA 2021.";"2.824.883,92"
"10/01/2020";"10/01/2020";"10/01/2023";"Ministério da Defesa";"Comando da Aeronáutica";"GRUPAMENTO DE APOIO DOS AFONSOS";"Dispensa de Licitação";"Serviços";"00139/2019";"Não se aplica";"CONTRATAÇÃO DE 310 VAGAS PARA O CURSO DE MBA EXECUTIVO: PLANEJAMENTO E GESTÃO ESTRATÉGICOS, NA MODALIDADE EAD, NÍVEL ESPECIALIZADO LATU-SENSO";"2.964.608,00"
"31/12/2019";"31/12/2019";"31/08/2022";"Ministério da Gestão e da Inovação em Serviços Públicos";"Ministério da Gestão e da Inovação em Serviços Públicos - Unidades com vínculo direto";"CENTRO DE SERVICOS COMPARTILHADOS - MGI";"Inexigibilidade de Licitação";"Outros";"00047/2019";"Não se aplica";"CONTRATAÇÃO DE SERVIÇO TÉCNICO PROFISSIONAL ESPECIALIZADO, PARA MINISTRAÇÃO DE DIVER-SOS CURSOS .MBA EM GESTÃO ESTRATÉGICA DE RECURSOS HUMANOS.PARA SERVIDORES";"828.712,80"
"30/12/2019";"30/12/2019";"31/10/2022";"Ministério da Fazenda";"Receita Federal do Brasil";"SECRET. ESPECIAL DA RECEITA FEDERAL DO BRASIL";"Inexigibilidade de Licitação";"Outros";"00013/2019";"Não se aplica";"REALIZAÇÃO DE 5 TURMAS , NA MODALIDADEA DISTANCIA, DO CURSO DE ESPECIALIZAÇÃO.";"2.143.698,75"
"30/12/2019";"31/12/2019";"30/12/2022";"Ministério da Fazenda";"Ministério da Fazenda - Unidades com vínculo direto";"PROCURADORIA GERAL DA FAZENDA NACIONAL";"Inexigibilidade de Licitação";"Outros";"00008/2019";"Não se aplica";"CONTRATAÇÃO DE SERVIÇOS DE PESQUISA APLICADA DA FUNDAÇÃO GETÚLIO VARGAS, PARA USO DADATA ANALYTICS E CONTABILIDADE NA GESTÃO DA DÍVIDA ATIVA DA UNIÃO.";"5.000.000,00"
"26/12/2019";"26/12/2019";"26/12/2020";"Ministério de Minas e Energia";"Empresa de Pesquisa Energética";"EMPRESA DE PESQUISA ENERGETICA";"Sem Informação";"Outros";"36/2019";"Fechado";"Licenciamento de uso, sem caráter de exclusividade, do bando de dados FGVDADOS PREMIUM.";"61.403,89"
"11/12/2019";"11/12/2019";"30/07/2021";"Banco Central do Brasil - Orçamento Fiscal e Seguridade Social";"Banco Central do Brasil - Orçamento Fiscal e Seguridade Social - Unidades com vínculo direto";"BANCO CENTRAL DO BRASIL";"Sem Informação";"Outros";"51147/2019";"Fechado";"Mestrado Profissional em Economia - Ênfase em Engenharia Financeira";"101.619,00"
"22/11/2019";"25/11/2019";"24/06/2022";"Ministério da Fazenda";"Ministério da Fazenda - Unidades com vínculo direto";"PROCURADORIA GERAL DA FAZENDA NACIONAL";"Inexigibilidade de Licitação";"Serviços";"00003/2019";"Não se aplica";"CONTRATAÇÃO DE SERVIÇOS DA FUNDAÇÃO GETÚLIO VARGAS - FGV, PARA OFERTA DE VAGAS DE MESTRADO PROFISSIONAL EM GESTÃO PÚBLICA.";"1.728.750,00"
"16/10/2019";"16/10/2019";"16/10/2020";"Ministério da Educação";"Instituto Nacional de Estudos e Pesquisas Educacionais Anísio Teixeira";"INST.NACIONAL DE EST.E PESQUISAS EDUCACIONAIS";"Pregão";"Outros";"00013/2019";"Não se aplica";"SERVIÇOS DE OPERACIONALIZAÇÃO DOS PROCEDIMENTOS À APLICAÇÃO DO ESTUDO REGIONAL COMPARATIVO E EXPLICATIVO - ERCE.";"1.278.872,51"
"15/10/2019";"15/10/2019";"15/10/2020";"Ministério da Defesa";"Comando da Marinha";"DIRETORIA DE ABASTECIMENTO DA MARINHA";"Sem Informação";"Outros";"33587/2019";"Fechado";"Contratação do cursp de MBA em Gestão em Logistíca e Supply Chain Management com a participação de um militar da Marinha do Brasil.";"33.612,00"
"07/10/2019";"07/10/2019";"31/12/2019";"Controladoria-Geral da União";"Controladoria-Geral da União - Unidades com vínculo direto";"COORD-GERAL DE LICITACAO,CONTR.E DOCUMENTACAO";"Inexigibilidade de Licitação";"Serviços";"20/2019";"Publicado";"Curso de capacitação voltado ao conhecimento e desenvolvimento de habilidades específicas para a fase de negociação dos acordos de leniência para 2 turmas fecha";"212.400,00"
"24/09/2019";"24/09/2019";"24/03/2020";"Ministério de Minas e Energia";"Empresas de Energia";"CENTRAIS ELETRICAS DO NORTE DO BRASIL S/A";"Sem Informação";"Outros";"88798/2019";"Fechado";"Contratação de empresa para ministrar curso governança e gestão do patrocínio em plano de saúde e entidade de previdência complementar.";"91.200,00"
"05/09/2019";"05/09/2019";"04/03/2022";"Ministério do Planejamento e Orçamento";"Fundação Instituto Brasileiro de Geografia e Estatística";"FUNDACAO IBGE-ADMINISTRACAO CENTRAL/RJ";"Dispensa de Licitação";"Outros";"00023/2019";"Não se aplica";"CONTRATAÇÃO DE SERVIÇO PARA A REALIZAÇÃO DE 01 (HUM) PROCESSO SELETIVO SIMPLIFICADO -PSS - PARA RECRUTAR E SELECIONAR CANDIDATOS PARA O PREENCHIMENTO DE VAGAS P";"8.310.240,00"
"30/08/2019";"02/09/2019";"02/09/2020";"Ministério da Defesa";"Comando da Marinha";"DIRETORIA DE OBRAS CIVIS DA MARINHA";"Sem Informação";"Outros";"4/2019";"Fechado";"Prestação de serviço por instituição depesquisa, ensino ou desenvolvimento institucio nal, sem fins lucrativos para apoiar a Diretoria de Obras Civis da Marinha";"6.663.240,00"
"23/07/2019";"07/08/2019";"07/03/2021";"Ministério da Defesa";"Comando da Aeronáutica";"GABINETE DO COMANDANTE DA AERONAUTICA";"Inexigibilidade de Licitação";"Outros";"00008/2019";"Não se aplica";"CURSO DE MBA EXECUTIVO EM FINANÇAS: INVESTIMENTOS E RISCOS PARA UM MILITAR DO GABAER.";"30.336,12"
"19/07/2019";"19/07/2019";"19/07/2024";"Ministério de Minas e Energia";"Agência Nacional de Energia Elétrica";"AGENCIA NACIONAL DE ENERGIA ELETRICA";"Dispensa de Licitação";"Serviços";"00025/2019";"Não se aplica";"PRESTAÇÃO DO SERVIÇO DE LICENCIAMENTO DE USO, PELA FGV/IBRE, SEM CARÁTER DE EXCLUSIVIDADE, DOS ÍNDICES DE PREÇOS DA FGV, POR UM PERÍODO DE 12 MESES, COM POSSIBI";"37.090,62"
"13/06/2019";"27/06/2019";"27/03/2021";"Ministério da Defesa";"Comando da Aeronáutica";"GABINETE DO COMANDANTE DA AERONAUTICA";"Inexigibilidade de Licitação";"Outros";"00012/2019";"Não se aplica";"CURSO DE MBA EM RELAÇÕES INTERNACIONAIS, A SER MINISTRADO PELA FGV, PARA DOIS MILITARES.";"60.672,24"
"13/06/2019";"13/06/2019";"13/06/2024";"Ministério da Justiça e Segurança Pública";"Conselho Administrativo de Defesa Econômica";"CONSELHO ADMINISTRATIVO DE DEFESA ECONOMICA";"Dispensa de Licitação";"Serviços";"00019/2019";"Não se aplica";"LICENCIAMENTO DE USO, PELA FGV IBRE, SEM CARÁTER DE EXCLUSIVIDADE, DO BANCO DE DADOS DENOMINADO FGVDADOS PREMIUM, DE NATUREZA ESTATÍSTICA, ECONÔMICA E FINANCEIR";"73.691,34"
"24/05/2019";"24/05/2019";"24/12/2020";"Ministério da Defesa";"Comando da Aeronáutica";"GABINETE DO COMANDANTE DA AERONAUTICA";"Inexigibilidade de Licitação";"Outros";"00011/2019";"Não se aplica";"CURSO DE PÓS-GRADUAÇÃO EM GERENCIAMENTO DE PROJETOS.";"27.302,40"
"14/05/2019";"14/05/2019";"14/03/2021";"Ministério da Defesa";"Comando da Aeronáutica";"GRUPAMENTO DE APOIO DO RIO DE JANEIRO";"Inexigibilidade de Licitação";"Outros";"00002/2019";"Não se aplica";"CONTRATAÇÃO DE EMPRESA ESPECIALIZADA, VISANDO À CAPACITAÇÃO PROFISSIONAL DE 01 (UM) SERVIDOR MILITAR DA PIPAR NO CURSO DE APERFEIÇOAMENTO/ESPECIALIZAÇÃO PROFISS";"60.002,10"
"06/05/2019";"06/05/2019";"06/02/2020";"Ministério da Defesa";"Comando do Exército";"ESCOLA DE CMDO E ESTADO-MAIOR DO EXERCITO";"Inexigibilidade de Licitação";"Serviços";"2/2019";"Publicado";"0ealização de Curso de Pós-Graduação, Lato Sensu, nível especialização,""MBA Executivo em Administração: Estudos Políticos e Estratégicos""";"275.000,00"
"29/04/2019";"29/04/2019";"28/03/2020";"Ministério da Defesa";"Empresa Gerencial de Projetos Navais";"EMGEPRON - DIFERENCA DA INTEGRACAO";"Sem Informação";"Outros";"11/2019";"Fechado";"Prestação de Serviços de apoio no processo de contratação Consórcio/Sociedade de Propósito Específico (SPE), selecionado pela Marinha do Brasil por construcção";"4.978.000,00"
"29/04/2019";"29/04/2019";"06/04/2020";"Ministério da Defesa";"Comando da Aeronáutica";"GABINETE DO COMANDANTE DA AERONAUTICA";"Inexigibilidade de Licitação";"Outros";"00009/2019";"Não se aplica";"CONTRATAÇÃO DE CURSO DE PÓS-GRADUAÇÃO EM GERENCIAMENTO DE PROJETOS.";"27.302,40"
"24/04/2019";"15/05/2019";"15/01/2021";"Ministério da Defesa";"Comando do Exército";"BASE ADMINISTRATIVA DO QGEX";"Inexigibilidade de Licitação";"Outros";"00011/2019";"Não se aplica";"CONTRATACAO DE SERVICOS TECNICOS PROFISSIONAIS ESPECIALIZADOS EM TREINAMENTO E APERFEICOAMENTO DE PESSOAL";"55.826,00"
"04/04/2019";"20/05/2019";"02/09/2019";"Ministério da Defesa";"Comando da Aeronáutica";"GABINETE DO COMANDANTE DA AERONAUTICA";"Inexigibilidade de Licitação";"Outros";"00005/2019";"Não se aplica";"CONTRATAÇÃO DO CURSO DE PÓS-GRADUAÇÃO EM ADMINISTRAÇÃO PÚBLICA - CIPAD, MINISTRADO PELA FGV.";"30.336,12"
"27/03/2019";"29/04/2019";"01/12/2020";"Ministério da Defesa";"Comando do Exército";"BASE ADMINISTRATIVA DO QGEX";"Inexigibilidade de Licitação";"Outros";"00008/2019";"Não se aplica";"CONTRATACAO DE SERVICOS TECNICOS PROFISSIONAIS ESPECIALIZADOS EM TREINAMENTO E APERFEICOAMENTO DE PESSOAL";"58.905,00"
"27/03/2019";"27/03/2019";"30/11/2020";"Ministério da Defesa";"Comando da Aeronáutica";"GRUPAMENTO DE APOIO DO RIO DE JANEIRO";"Inexigibilidade de Licitação";"Outros";"00106/2018";"Não se aplica";"CONTRATAÇÃO DE EMPRESA ESPECIALIZADA, VISANDO À CAPACITAÇÃO PROFISSIONAL NA APLICAÇÃODO MESTRADO PROFISSIONAL DE ADMINISTRAÇÃO PÚBLICA, EM ATENDIMENTO AS NECESS";"66.669,00"
"15/03/2019";"03/04/2019";"05/12/2020";"Ministério da Defesa";"Comando do Exército";"DEPARTAMENTO-GERAL DO PESSOAL";"Inexigibilidade de Licitação";"Outros";"00005/2019";"Não se aplica";"CONTRATAÇÃO DE SERVIÇO TÉCNICOPROFISSIONAL ESPECIALIZADO DE PÓS-GRADUAÇÃOMBA EM BUSINESS ANALYTICS E BIG DATA PARACAPACITAÇÃO DE 01 (UM) MILITAR DA DIVISÃODE TE";"31.846,68"
"28/02/2019";"28/02/2019";"28/09/2019";"Ministério de Minas e Energia";"Empresa de Pesquisa Energética";"EMPRESA DE PESQUISA ENERGETICA";"Sem Informação";"Outros";"2/2019";"Fechado";"Serviços de pesquisa e cálculo de preços de mão-de-obra, materiais e equipamentos para o SISORH.";"369.400,00"
"27/02/2019";"27/02/2019";"26/02/2020";"Ministério de Minas e Energia";"Empresas de Energia";"CENTRAIS ELETRICAS DO NORTE DO BRASIL S/A";"Sem Informação";"Outros";"88177/2018";"Fechado";"Fornecimento de 01 (um) licenciamento com 03 (três) acessos, para uso do banco de dados denominado fgvdados premium, pelo período de 12 (doze) meses.";"58.087,57"
"22/02/2019";"01/04/2019";"01/04/2020";"Ministério da Defesa";"Comando da Aeronáutica";"GRUPAMENTO DE APOIO DOS AFONSOS";"Dispensa de Licitação";"Serviços";"1/2019";"Publicado";"Contratação de Curso de Pós-graduação, denominado MBA Executivo de Planejamento e Gestão Estratégicos, para 170 alunos, destinado a oficiais de carreira do Corp";"1.500.000,00"
"20/02/2019";"25/02/2019";"25/10/2019";"Ministério da Defesa";"Comando do Exército";"ESCOLA DE CMDO E ESTADO-MAIOR DO EXERCITO";"Inexigibilidade de Licitação";"Serviços";"3/2019";"Publicado";"Realização de curso de Pós-graduação Lato Sensu, nível especialização, denominado ""MBA Executivo em Administração: Política e Estratégia""";"626.400,00"
"19/02/2019";"19/02/2019";"19/08/2020";"Ministério da Defesa";"Comando da Aeronáutica";"GRUPAMENTO DE APOIO DO RIO DE JANEIRO";"Inexigibilidade de Licitação";"Serviços";"107/2018";"Retificação - Publicado";"Contratação de empresa especializada, visando à capacitação profissional de 02 (dois) servidores militares no curso de LL.M em Direito: Infraestrutura e Regulaç";"64.400,00"
"14/02/2019";"25/04/2019";"01/07/2020";"Banco Central do Brasil - Orçamento Fiscal e Seguridade Social";"Banco Central do Brasil - Orçamento Fiscal e Seguridade Social - Unidades com vínculo direto";"BANCO CENTRAL DO BRASIL";"Sem Informação";"Outros";"50113/2019";"Fechado";"MBA Executivo em Finanças: Controladoria, Auditoria e Compliance";"36.802,69"
"04/02/2019";"04/02/2019";"04/02/2020";"Ministério dos Transportes";"Agência Nacional de Transportes Terrestres";"AGENCIA NACIONAL DE TRANSPORTES TERRESTRES";"Inexigibilidade de Licitação";"Outros";"2/2019";"Publicado";"Licenciamento de uso do banco de dados denominado FGVDADOS ADVANCED.";"15.084,01"
"26/12/2018";"26/12/2018";"26/12/2019";"Ministério de Minas e Energia";"Empresa de Pesquisa Energética";"EMPRESA DE PESQUISA ENERGETICA";"Sem Informação";"Outros";"44/2018";"Fechado";"Licenciamento de uso, sem caráter de exclusividade, do banco de dados FGVDADOS PREMIUM.";"59.369,63"
"01/11/2018";"01/11/2018";"01/07/2020";"Ministério da Defesa";"Comando da Aeronáutica";"GRUPAMENTO DE APOIO DO GALEAO";"Inexigibilidade de Licitação";"Serviços";"90/2018";"Publicado";"Contratação de serviço de Mestrado Profissional Acadêmico (MAP)- Turma Intensiva, 01 vaga.";"69.160,00"
"30/10/2018";"30/10/2018";"28/02/2022";"Ministério dos Transportes";"Agência Nacional de Transportes Terrestres";"AGENCIA NACIONAL DE TRANSPORTES TERRESTRES";"Dispensa de Licitação";"Serviços";"00029/2018";"Não se aplica";"CONTRATAÇÃO DE SERVIÇOS TÉCNICOS ESPECIALIZADOS REFERENTES À MANUTENÇÃO DE COMPOSIÇÕES DE PREÇOS UNITÁRIOS DO SICFER - SISTEMA DE CÁLCULO DE CUSTOS REFERENCIAIS";"29.021.648,64"
"25/10/2018";"25/10/2018";"24/04/2020";"Banco Central do Brasil - Orçamento Fiscal e Seguridade Social";"Banco Central do Brasil - Orçamento Fiscal e Seguridade Social - Unidades com vínculo direto";"BANCO CENTRAL DO BRASIL";"Sem Informação";"Outros";"51475/2018";"Fechado";"MBA em Direito Tributário";"19.000,00"
"04/10/2018";"04/10/2018";"03/09/2020";"Ministério da Defesa";"Comando do Exército";"GABINETE DO COMANDANTE DO EXERCITO";"Inexigibilidade de Licitação";"Serviços";"7/2018";"Publicado";"Prestação de serviço de capacitação de 01 (um) militar do CCOMSEX no Curso de MBA em Marketing, na modalidade presencial, com carga horária de 444 horas, na cid";"26.003,00"
"04/10/2018";"04/10/2018";"31/07/2021";"Ministério da Saúde";"Agência Nacional de Vigilância Sanitária";"AGENCIA NACIONAL DE VIGILANCIA SANITARIA";"Inexigibilidade de Licitação";"Outros";"00026/2018";"Não se aplica";"CURSO MBA PARA A SERVIDORA MÔNICA CRISTINA ANTUNES FIGUEIREDO DUARTE.";"0,01"
"19/09/2018";"21/09/2018";"21/09/2020";"Ministério da Defesa";"Comando do Exército";"BASE ADMINISTRATIVA DO QGEX";"Inexigibilidade de Licitação";"Outros";"00026/2018";"Não se aplica";"CONTRATACAO DE SERVICOS TECNICOS PROFISSIONAIS ESPECIALIZADOS EM TREINAMENTO E APERFEICOAMENTO DE PESSOA PARA ATENDER AO PLANO DE CAPACITACAO 2018";"31.899,24"
"17/09/2018";"21/09/2018";"31/12/2020";"Ministério da Defesa";"Comando do Exército";"BASE ADMINISTRATIVA DO QGEX";"Inexigibilidade de Licitação";"Outros";"00025/2018";"Não se aplica";"CONTRATACAO DE SERVICOS TECNICOS PROFISSIONAIS ESPECIALIZADOS EM TREINAMENTO E APERFEICOAMENTO DE PESSOA PARA ATENDER AO PLANO DE CAPACITACAO 2018";"18.966,75"
"14/09/2018";"14/09/2018";"07/12/2019";"Ministério da Justiça e Segurança Pública";"Polícia Rodoviária Federal";"SUPERINTENDENCIA DA PRF NO RIO DE JANEIRO";"Inexigibilidade de Licitação";"Serviços";"26/2018";"Publicado";"Contratação da Fundação Getúlio Vargas. ±pessoa jurídica de direito privado, inscrita no CNPJ sob o n. 33.641.663/0005-78, para fornecimento do Curso Online MBA";"36.624,66"
"11/09/2018";"11/09/2018";"11/07/2020";"Ministério da Justiça e Segurança Pública";"Conselho Administrativo de Defesa Econômica";"CONSELHO ADMINISTRATIVO DE DEFESA ECONOMICA";"Inexigibilidade de Licitação";"Outros";"00013/2018";"Não se aplica";"Contratação de empresa especializada na prestação de serviços de curso pós-graduação lato sensu.";"0,00"
"04/09/2018";"04/10/2018";"03/09/2020";"Ministério da Defesa";"Comando do Exército";"BASE DE ADMINISTRACAO E APOIO/CCOMGEX";"Inexigibilidade de Licitação";"Serviços";"6/2018";"Publicado";"Contratação de Prestação de Serviço Educacinal referente ao Curso de MBA em gerenciamento de projeto, em nível de especialização, referente aos contratos 06; 07";"29.780,46"
"31/08/2018";"03/09/2018";"04/10/2019";"Presidência da República";"Empresa Brasil de Comunicação";"EMPRESA BRASIL DE COMUNICACAO S.A";"Sem Informação";"Outros";"00032/2018";"Não se aplica";"PRESTAÇÃO DE SERVIÇOS DE TREINAMENTO E APERFEIÇOAMENTO DE PESSOAL COM FORNECIMENTO DE LICENÇAS PARA CURSOS DE ATUALIZAÇÃO 30 HORAS, NA MODALIDADE DE ENSINO À DI";"184.000,00"
"06/08/2018";"06/08/2018";"05/08/2020";"Ministério da Defesa";"Comando do Exército";"BASE DE ADMINISTRACAO E APOIO/CCOMGEX";"Inexigibilidade de Licitação";"Serviços";"19/2018";"Publicado";"Contratação de prestação de serviços educacionais referente ao MBA executivo em business analytics e big data.";"25.313,40"
"06/08/2018";"06/08/2018";"05/08/2020";"Ministério da Defesa";"Comando do Exército";"BASE DE ADMINISTRACAO E APOIO/CCOMGEX";"Inexigibilidade de Licitação";"Serviços";"18/2018";"Publicado";"Contratação de prestação de serviço educacional referente ao curso de MBA Executivo em Business Analytics e Big Data, em nível de especialização.";"25.313,40"
"02/08/2018";"02/08/2018";"01/08/2019";"Ministério da Defesa";"Comando da Marinha";"DIRETORIA DE OBRAS CIVIS DA MARINHA";"Sem Informação";"Outros";"3/2018";"Fechado";"Prestação de serviços de Assessoria Técécnica Especializada para apoiar à DOCM no desenvolvimento e na execução do Programa de Monitoramento de Projetos de Obra";"6.937.266,84"
"27/07/2018";"16/08/2018";"04/10/2018";"Ministério dos Transportes";"Ministério dos Transportes - Unidades com vínculo direto";"COORDENACAO-GERAL DE GESTAO DE PESSOAS";"Dispensa de Licitação";"Serviços";"13/2018";"Publicado";"Participação da servidora Francisca Auxiliadora Norjosa no curso de Pós-Graduação Lato Sensu no tema Arbitragem, promovido pela Fundação Getúlio Vargas - FGV DI";"3.197,25"
"10/07/2018";"16/07/2018";"30/09/2021";"Ministério dos Transportes";"Departamento Nacional de Infraestrutura de Transportes";"DEPART.NAC.INFRA ESTRUTURA TRANSPORTES.";"Dispensa de Licitação";"Serviços";"00559/2018";"Não se aplica";"EXECUÇÃO DE SERVIÇOS TÉCNICOS ESPECIALIZADOS E DE NATUREZA CONTINUADA REFERENTES À MANUTENÇÃO E CRIAÇÃO DE COMPOSIÇÕES DE CUSTOS DOSSITEMA DE CUSTOS REFERENCIAI";"87.944.400,00"
"28/06/2018";"16/07/2018";"14/09/2018";"Banco Central do Brasil - Orçamento Fiscal e Seguridade Social";"Banco Central do Brasil - Orçamento Fiscal e Seguridade Social - Unidades com vínculo direto";"BANCO CENTRAL DO BRASIL";"Sem Informação";"Outros";"50838/2018";"Fechado";"Inscrição de dois servidores no curso de Pesquisa de mercado da FGV";"1.932,00"
"28/06/2018";"04/07/2018";"31/12/2020";"Ministério da Defesa";"Comando do Exército";"BASE ADMINISTRATIVA DO QGEX";"Inexigibilidade de Licitação";"Outros";"00015/2018";"Não se aplica";"CONTRATACAO DE SERVICOS TECNICOS PROFISSIONAIS ESPECIALIZADOS EM TREINAMENTO E APERFEICOAMENTO DE PESSOA PARA ATENDER AO PLANO DE CAPACITACAO 2018";"30.608,10"
"27/06/2018";"28/06/2018";"28/06/2020";"Ministério da Defesa";"Comando do Exército";"DEPARTAMENTO-GERAL DO PESSOAL";"Inexigibilidade de Licitação";"Serviços";"9/2018";"Publicado";"Contratação de curso de Pós-Graduação MBA em Gestão Financeira: Controladoria e Auditoria para 01 (um) militar da DPPA/APPCO/DGP";"32.348,40"
"25/06/2018";"28/06/2018";"28/06/2020";"Ministério da Defesa";"Comando da Aeronáutica";"GABINETE DO COMANDANTE DA AERONAUTICA";"Inexigibilidade de Licitação";"Serviços";"1/2018";"Publicado";"Curso de MBA em Gestão Financeira: Controladoria e Auditoria, ministrado pela Fundação Getúlio Vargas.";"30.608,10"
"25/06/2018";"23/07/2018";"26/10/2018";"Ministério da Defesa";"Comando do Exército";"ESCOLA DE CMDO E ESTADO-MAIOR DO EXERCITO";"Inexigibilidade de Licitação";"Serviços";"2/2018";"Publicado";"Contratação de serviços profissionais da contratada, para realização do Curso de Pós-graduação, Lato Sensu, nível especialização, ""MBA Executivo em Administraçã";"250.000,00"
"15/06/2018";"15/06/2018";"11/09/2020";"Ministério da Defesa";"Comando da Aeronáutica";"GRUPAMENTO DE APOIO DOS AFONSOS";"Dispensa de Licitação";"Serviços";"12/2018";"Publicado";"Contratação de 10 vagas no curso de pós-graduação lato sensu, nível especialização, dedenominado ""Pós-graduação em Administração Pública"", turma ""MRJ01832-CIPAD";"188.750,00"
"14/06/2018";"16/08/2018";"18/08/2019";"Ministério da Defesa";"Comando do Exército";"BASE ADMINISTRATIVA DO QGEX";"Inexigibilidade de Licitação";"Serviços";"18/2018";"Publicado";"Contratacao de servicos tecnicos profissionais especializados em treinamento e aperfeicoamento de pessoa para atender ao plano de ca pacitacao 2018";"18.966,79"
"08/06/2018";"28/06/2018";"30/05/2020";"Ministério da Defesa";"Fundo do Exército";"SECRETARIA DE ECONOMIA E FINANCAS";"Inexigibilidade de Licitação";"Serviços";"5/2018";"Publicado";"Curso de pós-gradução MBA Gestão Fin - Controladoria e Auditoria, com carga 432h para militar da SEF.";"26.003,00"
"25/05/2018";"04/06/2018";"26/06/2019";"Banco Central do Brasil - Orçamento Fiscal e Seguridade Social";"Banco Central do Brasil - Orçamento Fiscal e Seguridade Social - Unidades com vínculo direto";"BANCO CENTRAL DO BRASIL";"Sem Informação";"Outros";"50488/2018";"Fechado";"Pós-Graduação LLM em Direito: Infraestrutura e Regulação";"27.900,00"
"03/05/2018";"03/05/2018";"03/05/2019";"Ministério do Meio Ambiente e Mudança do Clima";"Instituto Brasileiro do Meio Ambiente e dos Recursos Naturais Renováveis";"IBAMA - SUPERINTENDENCIA DO CEARA/CE";"Inexigibilidade de Licitação";"Serviços";"6/2018";"Publicado";"Contratação de empresa para realização de 1 (uma) turma do curso de extensão denominado ""desenvolvimento de líderes"", com carga horária total de 248 (duzentas e";"409.200,00"
"03/05/2018";"04/05/2018";"04/06/2020";"Ministério da Defesa";"Comando do Exército";"DEPARTAMENTO-GERAL DO PESSOAL";"Inexigibilidade de Licitação";"Serviços";"7/2018";"Publicado";"Pós-graduação MBA em Administração na Gestão de Clínicas, Hospitais e Indústrias da Saúde";"31.750,00"
"02/05/2018";"02/05/2018";"01/11/2020";"Ministério da Defesa";"Comando do Exército";"BASE ADMINISTRATIVA DO QGEX";"Inexigibilidade de Licitação";"Outros";"00011/2018";"Não se aplica";"CONTRATACAO DE SERVICOS TECNICOS PROFISSIONAIS ESPECIALIZADOS EM TREINAMENTO E APERFEICOAMENTO DE PESSOA PARA ATENDER AO PLANO DE CAPACITACAO 2018";"25.300,00"
"30/04/2018";"02/05/2018";"01/03/2019";"PRESIDENCIA DA REPUBLICA - PRES";"MINISTERIO DAS COMUNICACOES - MINC";"TELECOMUNICAÇÕES BRASILEIRAS S.A.";"Sem Informação";"Outros";"15/2018";"Fechado";"Contratação de instituição especializada para auxiliar e apoiar a Telebras na implementação do Planejamento estratégico.";"1.920.000,00"
"25/04/2018";"11/05/2018";"11/05/2020";"Ministério da Defesa";"Comando do Exército";"DEPARTAMENTO-GERAL DO PESSOAL";"Inexigibilidade de Licitação";"Serviços";"4/2018";"Publicado";"Contratação de serviço técnico profissional especializado de Pós-Graduação MBA em Business Analytics e Big Data.";"29.780,46"
"12/04/2018";"12/04/2018";"12/01/2019";"Ministério de Minas e Energia";"Empresa de Pesquisa Energética";"EMPRESA DE PESQUISA ENERGETICA";"Sem Informação";"Outros";"9/2018";"Fechado";"Contratação de serviços técnicos especializados, visando a realização de pesquisa para alimentação do banco de dados do SISORH.";"355.600,00"
"09/03/2018";"09/03/2018";"14/03/2019";"Ministério de Minas e Energia";"Empresas de Energia";"ELETROSUL CENTRAIS ELETRICAS S.A.";"Sem Informação";"Outros";"25478/2018";"Fechado";"ServiÇo renovaÇÃo assinatura de indice ''fgvdados'' conforme especificaÇÃo tÉcnica";"7.359,51"
"06/03/2018";"06/03/2018";"14/03/2019";"Ministério da Defesa";"Comando do Exército";"ESCOLA DE CMDO E ESTADO-MAIOR DO EXERCITO";"Inexigibilidade de Licitação";"Serviços";"1/2018";"Publicado";"Curso de pós grauação lato sensu, nível especialização denominado ""MBA EXECUTIVO"" COM ÊNFASE EM ADMINISTRAÇÃO, POLÍTICA E ESTRATÉGIA.";"580.000,00"
"22/02/2018";"22/02/2018";"21/12/2018";"Ministério do Planejamento e Orçamento";"Fundação Instituto Brasileiro de Geografia e Estatística";"FUNDACAO IBGE-ADMINISTRACAO CENTRAL/RJ";"Inexigibilidade de Licitação";"Serviços";"7/2018";"Publicado";"Planejamento, desenvolvimento, execução, acompanhamento e avaliação da realização do Programa de Desenvolvimento de Lideranças para gerentes e supervisores das";"854.000,00"
"16/02/2018";"16/02/2018";"16/08/2018";"Ministério da Defesa";"Comando do Exército";"DEPARTAMENTO-GERAL DO PESSOAL";"Inexigibilidade de Licitação";"Serviços";"1/2018";"Publicado";"Contratação do curso Gestão por Competências e curso de Análise e Gestão por Competências.";"124.560,00"
"31/01/2018";"31/01/2018";"Sem informação";"Ministério da Defesa";"Comando da Marinha";"TRIBUNAL MARITIMO";"Sem Informação";"Outros";"1/2017";"Fechado";"Contratação de uma instituição de ensino, de modo a propiciar o aprimoramento do conhecimento na área de economia e finanças.";"72.000,00"
"29/12/2017";"29/12/2017";"29/12/2018";"Ministério da Educação";"Fundo Nacional de Desenvolvimento da Educação";"FUNDO NACIONAL DE DESENVOLVIMENTO DA EDUCACAO";"Dispensa de Licitação";"Serviços";"118/2017";"Publicado";"Contratação de empresa especializada para avaliação dos programas da Diretoria de Ações Educacionais - DIRAE do Fundo Nacional de Desenvolvimento da Educação -";"9.000.000,00"
"22/12/2017";"22/12/2017";"22/12/2018";"Ministério de Minas e Energia";"Empresa de Pesquisa Energética";"EMPRESA DE PESQUISA ENERGETICA";"Sem Informação";"Outros";"23/2017";"Fechado";"Licenciamento de uso do banco de dados on line denominado FGVDADOS PREMIUM da FGV";"57.099,93"
"22/12/2017";"22/12/2017";"29/06/2018";"Ministério da Fazenda";"Ministério da Fazenda - Unidades com vínculo direto";"ESCOLA DE ADMINISTRACAO FAZENDARIA";"Inexigibilidade de Licitação";"Serviços";"14/2017";"Publicado";"Capacitação de pessoal";"120.000,00"
"21/12/2017";"21/12/2017";"20/01/2020";"Banco Central do Brasil - Orçamento Fiscal e Seguridade Social";"Banco Central do Brasil - Orçamento Fiscal e Seguridade Social - Unidades com vínculo direto";"BANCO CENTRAL DO BRASIL";"Sem Informação";"Outros";"51261/2017";"Fechado";"Prestação de serviços técnicos profissionais especializados que consiste no desenvolvimento e implantação da Sondagem de Preços, Insumos e Salários praticados p";"1.600.000,00"
"21/12/2017";"21/12/2017";"29/06/2018";"Ministério da Defesa";"Empresa Gerencial de Projetos Navais";"EMGEPRON - DIFERENCA DA INTEGRACAO";"Sem Informação";"Outros";"12/2017";"Fechado";"Serviço de análise e de proposição de alternativas de modelos de associação de Empresa Gerencial de Projetos Navais - EMGEPRON, com parceiros especializados par";"462.000,00"
"18/12/2017";"18/12/2017";"17/12/2018";"Ministério do Trabalho e Emprego";"Fundo de Amparo ao Trabalhador";"GERAL DE RECURSOS LOGISTICOS - CGRL";"Dispensa de Licitação";"Serviços";"23/2017";"Publicado";"Contratação de serviço de consultoria para mapeamento dos processos de trabalho e reestruturação da Coordenação-Geral de Imigração - CGIg para desenvolvimento e";"5.280.000,00"
"07/12/2017";"01/03/2018";"31/07/2019";"Ministério da Fazenda";"Ministério da Fazenda - Unidades com vínculo direto";"DELEG. ESPECIAL RFB DE MAIORES CONTRIBUINTES";"Dispensa de Licitação";"Serviços";"1/2017";"Publicado";"Realização de 1 turma do Curso de Pós Graduação Lato Senso, nível especialização, denominado ""LLM em Direito Societário"", com carga horária de 432 horas/aula, d";"691.200,00"
"30/11/2017";"01/12/2017";"31/12/2020";"Ministério da Defesa";"Comando do Exército";"ESCOLA DE CMDO E ESTADO-MAIOR DO EXERCITO";"Inexigibilidade de Licitação";"Outros";"00026/2017";"Não se aplica";"CONTRATAÇÃO DA FUNDAÇÃO GETULIO VARGAS,PARA A REALIZAÇÃO DA AMPLIAÇÃO DA PESQUISA E DODESENVOLVIMENTO EM CIÊNCIAS MILITARES DA ESCOLADE COMANDO E ESTADO MAIOR D";"6.958.000,00"
"16/11/2017";"16/11/2017";"16/03/2019";"Ministério da Cultura";"Ministério da Cultura - Unidades com vínculo direto";"COORD. GERAL DE EXEC. ORCAMENT, FINANC E CONT";"Inexigibilidade de Licitação";"Serviços";"25/2017";"Publicado";"O objeto do presente instrumento é a contratação da Fundação Getulio Vargas para prestação de serviços de realização de estudo que apresente metodologia de cert";"2.490.000,00"
"10/11/2017";"10/11/2017";"Sem informação";"Ministério da Defesa";"Comando da Marinha";"DIRETORIA DO PESSOAL DA MARINHA";"Sem Informação";"Outros";"3/2017";"Fechado";"Curso Presencial de Pós-Graduação ""Lato Sensu"", MBA Gestão Estratérgica e Econômica de Recursos Humanos.";"32.530,00"
"01/11/2017";"01/11/2017";"01/11/2018";"Ministério do Turismo";"Instituto Brasileiro de Turismo";"INSTITUTO BRASILEIRO DE TURISMO - EM EXTINCAO";"Inexigibilidade de Licitação";"Serviços";"26/2017";"Publicado";"Contratação de Estudo para definição deEstratégias Inovadoras para a Promoção Turística Internacional.";"2.700.000,00"
"29/09/2017";"30/09/2017";"20/07/2019";"Ministério da Defesa";"Comando do Exército";"HOSPITAL MILITAR DE AREA DE BRASILIA";"Inexigibilidade de Licitação";"Serviços";"1/2017";"Publicado";"Curso de Pós-Graduação, nível especialização MBA executivo em gestão financeira, controladoria e auditoria.";"15.231,06"
"29/09/2017";"29/09/2017";"31/12/2017";"Ministério da Fazenda";"Ministério da Fazenda - Unidades com vínculo direto";"ESCOLA DE ADMINISTRACAO FAZENDARIA";"Inexigibilidade de Licitação";"Serviços";"5/2017";"Publicado";"Capacitação de pessoal -";"150.000,00"
"28/09/2017";"28/09/2017";"28/07/2018";"Ministério da Educação";"Ministério da Educação - Unidades com vínculo direto";"SUBSECRETARIA DE GESTAO ADMINISTRATIVA/MEC";"Inexigibilidade de Licitação";"Serviços";"38/2017";"Publicado";"Prestação de serviços de assessoramentoà supervisão e validação dos resultados da análise da sustentabilidade financeira referente às propostas inscritas para a";"964.000,00"
"22/09/2017";"30/09/2017";"30/11/2018";"Ministério da Defesa";"Comando do Exército";"SECRETARIA DE ECONOMIA E FINANCAS";"Inexigibilidade de Licitação";"Serviços";"12/2017";"Publicado";"Curso EAD MBA Executivo: Gestão Fin, Controladoria e Auditoria, com 432h para militar da SEF.";"15.261,06"
"14/09/2017";"14/09/2017";"14/03/2019";"Ministério da Defesa";"Comando da Marinha";"DIRETORIA DE GESTAO DE PROGRAMAS DA MARINHA";"Sem Informação";"Outros";"300/2017";"Fechado";"Prestação de serviços técnicos que têm por finalidade a assessoria técnica e o uso da inteligência de negocios (blusiness intelligence and atrategy) em apoio á";"12.034.000,00"
"06/09/2017";"06/09/2017";"31/12/2017";"Ministério da Gestão e da Inovação em Serviços Públicos";"Fundação Escola Nacional de Administração Pública";"FUNDACAO ESCOLA NACIONAL DE ADM. PUBLICA";"Inexigibilidade de Licitação";"Serviços";"10/2017";"Publicado";"Contratação de serviço especializado para o desenvolvimento e execução do curso ""Análise Econômica do Direito"" voltado para a capacitação de Altos Executivos do";"57.600,00"
"01/09/2017";"01/09/2017";"08/12/2017";"Banco Central do Brasil - Orçamento Fiscal e Seguridade Social";"Banco Central do Brasil - Orçamento Fiscal e Seguridade Social - Unidades com vínculo direto";"BANCO CENTRAL DO BRASIL";"Sem Informação";"Outros";"50678/2017";"Fechado";"Curso Modelo de Negócios e Gestão Estratégica em Bancos";"276.000,00"
"01/09/2017";"01/09/2017";"31/10/2019";"Ministério da Defesa";"Comando do Exército";"GABINETE DO COMANDANTE DO EXERCITO";"Inexigibilidade de Licitação";"Serviços";"10/2017";"Publicado";"Prestação de serviços para capacitação de 01 militar do Gab Cmt Ex no Curso de MBA em Gestão Empresarial com ênfase em Estratégia, namodalidade de educação pres";"25.300,00"
"21/08/2017";"01/09/2017";"30/09/2019";"Ministério da Defesa";"Comando do Exército";"SECRETARIA DE ECONOMIA E FINANCAS";"Inexigibilidade de Licitação";"Serviços";"11/2017";"Rescindido - Publicado";"Curso Pós-Graduação em Administração Pública, carga 432h, para militar do CCIEx.";"24.300,00"
"21/08/2017";"01/09/2017";"30/06/2019";"Ministério da Defesa";"Comando do Exército";"SECRETARIA DE ECONOMIA E FINANCAS";"Inexigibilidade de Licitação";"Serviços";"10/2017";"Publicado";"Curso MBA Executivo em Fin: Investimento e Risco, carga 444h para militar da DGO.";"26.003,00"
"24/07/2017";"24/07/2017";"24/07/2019";"Ministério da Defesa";"Comando da Aeronáutica";"GRUPAMENTO DE APOIO DE S J CAMPOS";"Inexigibilidade de Licitação";"Serviços";"11/2017";"Publicado";"Curso de especialização ""MBA EM GERENCIAMENTO DE PROJETOS"".";"27.160,00"
"24/07/2017";"24/07/2017";"24/07/2019";"Ministério da Defesa";"Comando da Aeronáutica";"GRUPAMENTO DE APOIO DE S J CAMPOS";"Inexigibilidade de Licitação";"Serviços";"10/2017";"Publicado";"Curso de Especialização MBA em Gerenciamento de Projetos";"27.160,00"
"20/07/2017";"30/08/2017";"31/08/2019";"Ministério da Defesa";"Comando do Exército";"SECRETARIA DE ECONOMIA E FINANCAS";"Inexigibilidade de Licitação";"Serviços";"4/2017";"Publicado";"Curso MBA Executivo Gestão Financeira: Controladoria e Auditoria, com carga horária de 444h, para militar da DGO>";"26.003,00"
"14/07/2017";"14/07/2017";"14/02/2018";"Ministério do Planejamento e Orçamento";"Fundação Instituto Brasileiro de Geografia e Estatística";"FUNDACAO IBGE-ADMINISTRACAO CENTRAL/RJ";"Inexigibilidade de Licitação";"Serviços";"28/2017";"Publicado";"Contratação de empresa especializada em planejar e executar o Programa de Desenvolvimento de Lideranças para 31 gestores ocupantes do cargo de coordenação - PLD";"52.640,00"
"19/06/2017";"19/06/2017";"19/06/2018";"Presidência da República";"Empresa Brasil de Comunicação";"EMPRESA BRASIL DE COMUNICACAO S.A";"Sem Informação";"Outros";"00031/2017";"Não se aplica";"PRESTAÇÃO DE SERVIÇOS DE TREINAMENTO E APERFEIÇOAMENTO DE PESSOAL, PARA FORNECIMENTO DE 250 (DUZENTOS E CINQUENTA) LICENÇAS PARA CURSOS DE ATUALIZAÇÃO 30 HORAS,";"184.000,00"
"02/06/2017";"02/06/2017";"01/04/2019";"Ministério da Defesa";"Comando do Exército";"GABINETE DO COMANDANTE DO EXERCITO";"Inexigibilidade de Licitação";"Serviços";"8/2017";"Publicado";"Prestação de serviços para capacitaçãO DE 01 militar do CCOMSEX no Curso de MBA em Marketing, na modalidade de educação presencial, com carga horária de 444 h/a";"26.003,00"
"01/06/2017";"01/06/2017";"31/05/2018";"Ministério da Defesa";"Comando da Marinha";"DIRETORIA DE OBRAS CIVIS DA MARINHA";"Sem Informação";"Outros";"3/2017";"Fechado";"Contratação de instituição de pesquisa,ensino ou desenvolvimento institucional sem fi ns lucrativos e com inquestionavel reputação etico-profissional para apoia";"9.233.494,20"
"17/05/2017";"17/05/2017";"16/05/2019";"Ministério da Defesa";"Comando do Exército";"BASE DE ADMINISTRACAO E APOIO/CCOMGEX";"Inexigibilidade de Licitação";"Serviços";"7/2017";"Publicado";"Contratação de Prestação de Serviço Educacional referente ao Curso de MBA em Gerenciamento de Projeto, em nível de especialização, na modalidade presencial.";"25.300,00"
"17/05/2017";"17/05/2017";"16/05/2019";"Ministério da Defesa";"Comando do Exército";"BASE DE ADMINISTRACAO E APOIO/CCOMGEX";"Inexigibilidade de Licitação";"Serviços";"5/2017";"Publicado";"Contratação de Prestação de Serviço Educacional referente ao Curso de MBA em Gerenciamento de Projeto, em nível de especialização, na modalidade presencial.";"25.300,00"
"17/05/2017";"17/05/2017";"16/05/2019";"Ministério da Defesa";"Comando do Exército";"BASE DE ADMINISTRACAO E APOIO/CCOMGEX";"Inexigibilidade de Licitação";"Serviços";"4/2017";"Publicado";"Contratação de Prestação de Serviço Educacional referente ao Curso de MBA em Gerenciamento de Projeto, em nível de especialização, na modalidade presencial.";"25.300,00"
"17/05/2017";"17/05/2017";"16/05/2019";"Ministério da Defesa";"Comando do Exército";"BASE DE ADMINISTRACAO E APOIO/CCOMGEX";"Inexigibilidade de Licitação";"Serviços";"3/2017";"Publicado";"Contratação de Prestação de Serviço Educacional referente ao Curso de MBA em Gerenciamento de Projeto, em especialização, na modalidade presencial.";"25.300,00"
"17/05/2017";"17/05/2017";"16/05/2019";"Ministério da Defesa";"Comando do Exército";"BASE DE ADMINISTRACAO E APOIO/CCOMGEX";"Inexigibilidade de Licitação";"Serviços";"6/2017";"Publicado";"Contratação de Prestação de Serviço Educacional referente ao Curso de MBA em Gerenciamento de Projeto, em nível de especialização, na modalidade presencial.";"25.300,00"
"17/05/2017";"18/05/2017";"17/07/2019";"Ministério da Defesa";"Comando do Exército";"GABINETE DO COMANDANTE DO EXERCITO";"Inexigibilidade de Licitação";"Serviços";"3/2017";"Publicado";"Prestação de serviços para capacitação do 01 militar do Gab Cmt Ex no Curso de MBA em Gestão Empresarial com Ênfase em Estratégia, namodalidade de educação pres";"29.772,00"
"17/05/2017";"17/05/2017";"16/05/2018";"Ministério da Integração e do Desenvolvimento Regional";"Ministério da Integração e do Desenvolvimento Regional - Unidades com vínculo direto";"MIDR/ADMINISTRACAO GERAL";"Inexigibilidade de Licitação";"Serviços";"11/2017";"Publicado";"Prestação de serviços tecnicos especializados para implantação de metodologia de gestão intensiva de projetos estratégicosdo Ministério.";"9.840.000,00"
"05/05/2017";"05/05/2017";"05/11/2017";"Ministério de Minas e Energia";"Empresa de Pesquisa Energética";"EMPRESA DE PESQUISA ENERGETICA";"Sem Informação";"Outros";"21/2016";"Pendente";"Serviços Técnicos Especializados de Pesquisa e cálculo - SISORH";"343.500,00"
"19/04/2017";"19/04/2017";"16/10/2017";"Ministério de Minas e Energia";"Empresas de Energia";"CENTRAIS ELETRICAS BRASILEIRAS S/A";"Sem Informação";"Outros";"41/2017";"Fechado";"DESPESA COM O PATROCiNIO DO PROJETO... Seminário sobre as questões climáticas e os impactos nos negócios de energia";"29.000,00"
"18/04/2017";"08/05/2017";"30/06/2019";"Ministério da Defesa";"Comando do Exército";"SECRETARIA DE ECONOMIA E FINANCAS";"Inexigibilidade de Licitação";"Serviços";"3/2017";"Publicado";"Curso MBA em Gestão Financeira, Controladoria e Auditoria, com carga horária de 444h, para militar da D Cont.";"30.600,00"
"11/04/2017";"11/04/2017";"11/04/2018";"Ministério de Minas e Energia";"Empresas de Energia";"CENTRAIS ELETRICAS BRASILEIRAS S/A";"Sem Informação";"Outros";"32/2017";"Fechado";"SERVIÇO DE ASSESSORIA, ENGLOBANDO A ANÁLISE DAS AÇÕES DE COBRANÇA TRAMITANDO NA ESFERA JUDICIAL";"5.320.000,00"
"30/03/2017";"30/03/2017";"29/09/2019";"Ministério do Planejamento e Orçamento";"Fundação Instituto Brasileiro de Geografia e Estatística";"FUNDACAO IBGE-ADMINISTRACAO CENTRAL/RJ";"Dispensa de Licitação";"Serviços";"12/2017";"Publicado";"Contratação de serviços para realização de 2 (dois) Processos Seletivos Simplificados destinados à contratação temporária de pessoal nas funções de Analista Cen";"10.013.939,00"
"24/02/2017";"24/02/2017";"23/02/2018";"PRESIDENCIA DA REPUBLICA - PRES";"MINISTERIO DAS COMUNICACOES - MINC";"TELECOMUNICAÇÕES BRASILEIRAS S.A.";"Sem Informação";"Outros";"44/2017";"Fechado";"Contratação de instituição especializada para auxiliar a Telebras na verificação do Planejamento e Monitoramento da implantação do Plano de Negócios do Satélite";"6.200.000,00"
"17/02/2017";"17/02/2017";"17/02/2022";"Ministério de Minas e Energia";"Indústrias Nucleares do Brasil";"INDUSTRIAS NUCLEARES DO BRASIL S/A - INB";"Sem Informação";"Outros";"10008/2017";"Fechado";"Licenciamento de uso do Banco de Dadospela FGV/IBRE. AF 1.008/17.";"57.327,99"
"10/02/2017";"10/02/2017";"30/11/2018";"Ministério de Minas e Energia";"Petrobrás - Holding";"PETROLEO BRASILEIRO S/A";"Sem Informação";"Outros";"18955/2017";"Fechado";"MESTRADO PROFISSIONAL EXECUTIVO EM GESTÃO EMPRESARIAL.";"77.983,34"
"10/02/2017";"10/02/2017";"11/04/2017";"Controladoria-Geral da União";"Controladoria-Geral da União - Unidades com vínculo direto";"COORD-GERAL DE LICITACAO,CONTR.E DOCUMENTACAO";"Inexigibilidade de Licitação";"Serviços";"5/2017";"Publicado";"Contratação da Fundação Getúlio Varga s - FGV para ministrar o curso fechado (in company) ""Negociação Avançada em Acordo de Leniência"", para servidores do MTFC";"100.000,00"
"13/01/2017";"13/01/2017";"20/01/2018";"Ministério de Minas e Energia";"Empresas de Energia";"ELETROSUL CENTRAIS ELETRICAS S.A.";"Sem Informação";"Outros";"24674/2017";"Fechado";"ServiÇo renovaÇÃo assinatura de indice ''fgvdados'' conforme especificaÇÃo tÉcnica";"7.620,68"
"08/01/2017";"08/01/2017";"28/02/2019";"Ministério da Defesa";"Comando da Aeronáutica";"GRUPAMENTO DE APOIO AS UNIDADES DO SISTEMA DE";"Inexigibilidade de Licitação";"Serviços";"75/2017";"Publicado";"Participação de dois funcionários indicados para o curso de pós-graduação lato-sensu, nível especialização, denominado MBA em Gestão Empresarial.";"62.240,00"
"30/12/2016";"30/12/2016";"29/12/2021";"Ministério das Comunicações";"Agêncial Nacional de Telecomunicações";"AGENCIA NACIONAL DE TELECOMUNICACOES-SEDE";"Inexigibilidade de Licitação";"Serviços";"00503/2016";"Não se aplica";"LICENCIAMENTO DE USO DE BASE DE DADOS DE NATUREZA ESTATÍSTICA, ECONÔNIMA E FINACEIRA,DENOMINADA FGVDADOS";"7.774,80"
"29/12/2016";"27/02/2017";"26/01/2019";"Ministério da Defesa";"Comando da Marinha";"DIRETORIA DE FINANCAS DA MARINHA";"Sem Informação";"Outros";"6/2016";"Fechado";"Prestação de serviços eduacionais";"72.936,00"
"29/12/2016";"29/12/2016";"28/12/2018";"Ministério de Minas e Energia";"Petrobrás - Holding";"PETROLEO BRASILEIRO S/A";"Sem Informação";"Outros";"33789/2016";"Fechado";"SERVIÇOS DE CONTRATAÇÃO DE MANUTENÇÃO MENSAL DE CÁLCULO DE ÍNDICES DE PREÇOS DE DUTOS FLEXÍVEIS - IDFS";"1.667.815,68"
"27/12/2016";"10/01/2017";"10/09/2017";"Ministério de Minas e Energia";"Indústrias Nucleares do Brasil";"INDUSTRIAS NUCLEARES DO BRASIL S/A - INB";"Sem Informação";"Outros";"1014/2016";"Fechado";"Serviços especializados de consultoria,visando a elaboração do Planejamento Estratégico para o período 2017-2026. CT 1/16/014.";"600.000,00"
"27/12/2016";"27/12/2016";"26/12/2017";"Ministério do Turismo";"Ministério do Turismo - Unidades com vínculo direto";"SUBSECRETARIA DE ADMINISTRACAO - SAD";"Dispensa de Licitação";"Serviços";"27/2016";"Publicado";"Contratação de serviços técnicos especializado para a realização de Sondagens de Expectativas do Consumidor - Intenção de Viagem, bemcomo as Sondagens Empresari";"1.190.800,00"
"19/12/2016";"01/07/2015";"19/12/2016";"Ministério de Minas e Energia";"Petrobrás - Holding";"PETROLEO BRASILEIRO S/A";"Sem Informação";"Outros";"33790/2015";"Fechado";"SERVIÇOS TÉCNICOS PROFISSIONAIS ESPECIALIZADOS RELATIVOS A PESQUISA E APURAÇÃO DE UM CONJUNTO DE ÍNDICES.";"576.268,04"
"16/12/2016";"16/12/2016";"15/12/2018";"Ministério de Minas e Energia";"Agência Nacional de Energia Elétrica";"AGENCIA NACIONAL DE ENERGIA ELETRICA";"Inexigibilidade de Licitação";"Serviços";"145/2016";"Publicado";"Prestação de Serviços Educacionais acerca de 25 matrículas para participação de servidores da ANEEL no ""MBA Executivo em Administração: Gestão em Empresas de En";"624.218,75"
"13/12/2016";"13/12/2016";"13/12/2017";"Ministério de Minas e Energia";"Empresa de Pesquisa Energética";"EMPRESA DE PESQUISA ENERGETICA";"Sem Informação";"Outros";"32/2016";"Fechado";"Contratação de licenciamento de uso do banco de dados online FGV PREMIUM";"55.489,08"
"27/10/2016";"27/10/2016";"26/04/2018";"Ministério da Defesa";"Comando do Exército";"DEPARTAMENTO DE EDUCACAO E CULTURA DO EXERCIT";"Inexigibilidade de Licitação";"Serviços";"8/2016";"Publicado";"Curso de MBA em gerenciamento de projetos";"27.100,00"
"25/10/2016";"25/10/2016";"24/10/2018";"Ministério da Defesa";"Comando do Exército";"SECRETARIA DE ECONOMIA E FINANCAS";"Inexigibilidade de Licitação";"Serviços";"4/2016";"Publicado";"Contratação de serviços com Fundação de Direito Privado, de notória especialização para curso de MBA Gestão Financeira, Controladoria e Auditoria, com carga hor";"23.639,00"
"17/10/2016";"17/10/2016";"16/10/2018";"Ministério da Defesa";"Comando do Exército";"DEPARTAMENTO-GERAL DO PESSOAL";"Inexigibilidade de Licitação";"Serviços";"10/2016";"Publicado";"Prestação de serviço para capacitação de 1 militar do Departamento-Geral do Pessoal.";"29.430,00"
"14/10/2016";"14/10/2016";"14/10/2017";"Ministério da Agricultura e Pecuária";"Ministério da Agricultura e Pecuária - Unidades com vínculo direto";"COORD.-GERAL DE EXECUCAO ORC.E FIN./DA/MAPA";"Inexigibilidade de Licitação";"Serviços";"24/2016";"Publicado";"Licenciamento de uso pela Fundação Getúlio Vargas/Instituto Brasileiro de Economia (FGV/IBRE), sem caráter de exclusividade, do Banco de Dados on-line denominad";"6.727,21"
"14/10/2016";"17/10/2016";"17/10/2018";"Ministério da Saúde";"Agência Nacional de Vigilância Sanitária";"AGENCIA NACIONAL DE VIGILANCIA SANITARIA";"Inexigibilidade de Licitação";"Serviços";"25/2016";"Publicado";"Contratação de de pós-graduação em Administração Pública: CIPAD para o servidor Renato Alencar Porto.";"29.430,00"
"11/10/2016";"11/10/2016";"10/10/2017";"Ministério da Defesa";"Comando da Marinha";"DIRETORIA DO PESSOAL DA MARINHA";"Sem Informação";"Outros";"2/2016";"Fechado";"Curso presencial de Pós-Graduação ""LatoSensu"", MBSAA - Gestão Estratégica e Econômica de Recursos Humanos.";"25.500,00"
"06/10/2016";"06/10/2016";"05/01/2017";"PRESIDENCIA DA REPUBLICA - PRES";"MINISTERIO DAS COMUNICACOES - MINC";"TELECOMUNICAÇÕES BRASILEIRAS S.A.";"Sem Informação";"Outros";"161/2016";"Fechado";"Elaboração plano de negocio para o desenvolvimento utilização e exploração comercial do sgdc";"1.280.000,00"
"05/10/2016";"05/10/2016";"05/10/2017";"Ministério dos Transportes";"VALEC Engenharia, Construções e Ferrovias S.A.";"VALEC ENGENHARIA, CONSTRUCOES E FERROVIAS S.A";"Sem Informação";"Outros";"23/2016";"Rescindido";"Acesso ao FGVDADOS, um banco de dados de natureza estatística, economica e financeira,disponiblizado à contratante por meio da internet";"20.227,84"
"03/10/2016";"10/10/2016";"30/12/2016";"Banco Central do Brasil - Orçamento Fiscal e Seguridade Social";"Banco Central do Brasil - Orçamento Fiscal e Seguridade Social - Unidades com vínculo direto";"BANCO CENTRAL DO BRASIL";"Sem Informação";"Outros";"51074/2016";"Fechado";"Prestação de serviços de treinamento em Modelo de Negócios e Gestão Estratégica em Bancos.";"260.500,00"
"30/09/2016";"10/10/2016";"09/08/2017";"Ministério da Integração e do Desenvolvimento Regional";"Ministério da Integração e do Desenvolvimento Regional - Unidades com vínculo direto";"MIDR/ADMINISTRACAO GERAL";"Dispensa de Licitação";"Serviços";"16/2016";"Publicado";"Monitoramento e avaliação do impacto dos programas do Ministério da Integração Nacional, conforme especificações contidas no Termo de Referencia.";"8.280.000,00"
"16/09/2016";"23/09/2016";"22/09/2018";"Ministério da Defesa";"Comando da Aeronáutica";"GABINETE DO COMANDANTE DA AERONAUTICA";"Inexigibilidade de Licitação";"Serviços";"11/2016";"Publicado";"Contratação do Curso Master In Administration de Liderança e Gestão de Pessoas - Inteligência como Vantagem Competitiva.";"32.490,00"
"15/09/2016";"26/09/2016";"07/10/2016";"Banco Central do Brasil - Orçamento Fiscal e Seguridade Social";"Banco Central do Brasil - Orçamento Fiscal e Seguridade Social - Unidades com vínculo direto";"BANCO CENTRAL DO BRASIL";"Sem Informação";"Outros";"51003/2016";"Fechado";"Curso: Modelos de Risco de Crédito de Varejo Planejamento, Desenvolvimento, Implantação e Monitoramento - FGV";"61.600,00"
"08/09/2016";"12/09/2016";"16/09/2016";"Banco Central do Brasil - Orçamento Fiscal e Seguridade Social";"Banco Central do Brasil - Orçamento Fiscal e Seguridade Social - Unidades com vínculo direto";"BANCO CENTRAL DO BRASIL";"Sem Informação";"Outros";"50952/2016";"Fechado";"Inscrição no curso Crédito e Cobrança";"1.050,00"
"06/09/2016";"06/09/2016";"06/09/2016";"Ministério de Minas e Energia";"Petrobrás - Holding";"ALBERTO PASQUALINI - REFAP S/A";"Sem Informação";"Outros";"77429/2016";"Fechado";"Referente a Pagamento de curso para o Coordenador Mauricio Barboza de";"3.950,01"
"06/09/2016";"06/09/2016";"06/09/2016";"Ministério de Minas e Energia";"Petrobrás - Holding";"ALBERTO PASQUALINI - REFAP S/A";"Sem Informação";"Outros";"77428/2016";"Fechado";"Referente a Pagamento de curso para a Gerente Jurídica Marcela Eira da";"3.950,01"
"05/09/2016";"03/10/2016";"05/12/2016";"Banco Central do Brasil - Orçamento Fiscal e Seguridade Social";"Banco Central do Brasil - Orçamento Fiscal e Seguridade Social - Unidades com vínculo direto";"BANCO CENTRAL DO BRASIL";"Sem Informação";"Outros";"50921/2016";"Fechado";"ATUALIZACAO EM DIREITO BANCARIO";"920,00"
"17/08/2016";"22/08/2016";"21/09/2018";"Ministério da Defesa";"Comando da Aeronáutica";"GABINETE DO COMANDANTE DA AERONAUTICA";"Inexigibilidade de Licitação";"Serviços";"4/2016";"Publicado";"Contratação de curso de mestrado profissional em Administração Pública (MAP) - FGV/EBAPE, objetivando a participação de uma militar do GABAER.";"68.670,00"
"11/08/2016";"11/08/2016";"11/08/2016";"Ministério de Minas e Energia";"Petrobrás - Holding";"PETROLEO BRASILEIRO S/A";"Sem Informação";"Outros";"37299/2016";"Fechado";"ASSINATURA JORNAIS, REVIST.ACESSO ELETR.";"23.475,61"
"29/07/2016";"29/07/2016";"29/05/2017";"Ministério da Cultura";"Fundação Casa de Rui Barbosa";"FUNDACAO CASA DE RUI BARBOSA";"Dispensa de Licitação";"Serviços";"41/2016";"Publicado";"Contratação de serviços técnicos especializados em metodologia de história oral do CPDOC/FGV, para condução e tratamento de entrevistas e de registros orais col";"219.356,50"
"27/07/2016";"29/07/2016";"29/09/2017";"Ministério do Planejamento e Orçamento";"Fundação Instituto Brasileiro de Geografia e Estatística";"FUNDACAO IBGE-ADMINISTRACAO CENTRAL/RJ";"Inexigibilidade de Licitação";"Serviços";"17/2016";"Publicado";"Contratação da prestação de serviços para desenvolver, executar, acompanhar e avaliar a realização do Programa de Lideranças.";"191.400,00"
"18/07/2016";"02/09/2016";"01/09/2018";"Ministério da Defesa";"Comando do Exército";"SECRETARIA DE ECONOMIA E FINANCAS";"Inexigibilidade de Licitação";"Serviços";"2/2016";"Publicado";"Contratação de curso MBA Executivo em Gerenciamento de Projetos 432 horas.";"23.000,00"
"11/07/2016";"11/07/2016";"11/01/2017";"Ministério de Minas e Energia";"Indústrias Nucleares do Brasil";"INDUSTRIAS NUCLEARES DO BRASIL S/A - INB";"Sem Informação";"Outros";"1006/2016";"Fechado";"Prestação de serviços de consultoria para elaboração de modelo de negócios para ampliação das atividades das Indústrias Nucleares doBrasil. CT 1/16/006.";"980.000,00"
"11/07/2016";"11/07/2016";"10/01/2017";"Ministério do Desenvolvimento, Indústria, Comércio e Serviços";"Banco Nacional de Desenvolvimento Econômico e Social";"BANCO NACIONAL DE DESENVOL.ECONOMICO E SOCIAL";"Sem Informação";"Outros";"325/2016";"Fechado";"Patrocínio, pelo bndes, à realização do ?xvi meeting from association for public economic theory 2016?, que ocorrerá de 11 a 13 de julho de 2016, no rio de jane";"90.000,00"
"10/06/2016";"10/06/2016";"23/08/2016";"Ministério de Minas e Energia";"Petrobrás - Holding";"PETROLEO BRASILEIRO S/A";"Sem Informação";"Outros";"42152/2016";"Fechado";"Evento: XIX Simpósio de Administração da Produção; Logística e Operações";"325,00"
"29/04/2016";"29/04/2016";"29/04/2017";"Ministério da Defesa";"Comando do Exército";"ACADEMIA MILITAR DAS AGULHAS NEGRAS";"Inexigibilidade de Licitação";"Serviços";"6/2016";"Publicado";"Contratação de prestação de serviço para realização do curso de atualização ""ContratosAdmininstrativos e seus gerenciamento""";"122.500,00"
"29/04/2016";"29/04/2016";"29/04/2017";"Ministério da Defesa";"Comando do Exército";"ACADEMIA MILITAR DAS AGULHAS NEGRAS";"Inexigibilidade de Licitação";"Serviços";"7/2016";"Publicado";"Prestação de serviço para o curso de capacitação, in company Conceitos sobre Logísticae Suply Chain Management";"122.500,00"
"28/04/2016";"28/04/2016";"16/02/2017";"Ministério da Defesa";"Comando do Exército";"ESCOLA DE CMDO E ESTADO-MAIOR DO EXERCITO";"Inexigibilidade de Licitação";"Serviços";"4/2016";"Publicado";"Curso de Pós Graduação Lato Sensu , ní-vel especialição ,denominado ""MBA EXECUTIVO COM ÊNFASE EM ESTUDOS ESTRATÉGICOS.""";"230.000,00"
"20/04/2016";"20/04/2016";"20/10/2017";"Ministério da Defesa";"Comando da Aeronáutica";"COMISSAO DE IMPLANT.DO SIST.DE CONTR.DO E AER";"Inexigibilidade de Licitação";"Serviços";"4/2016";"Publicado";"Curso de Pós-Graduação em AdministraçãoPública para uma Oficial QOCON da CISCEA, ministrado pela FGV/EVAPE (Fundação Getúlio Vargas / Escola Brasileira de Admin";"25.000,00"
"04/04/2016";"04/04/2016";"04/04/2016";"Ministério de Minas e Energia";"Petrobrás - Holding";"PETROBRAS BIOCOMBUSTIVEL S/A - PBIO";"Sem Informação";"Outros";"48172/2016";"Fechado";"Inscrições em treinamentos externos";"4.140,00"
"01/04/2016";"01/04/2016";"02/10/2017";"Ministério de Minas e Energia";"Petrobrás - Holding";"PETROLEO BRASILEIRO S/A";"Sem Informação";"Outros";"15106/2016";"Fechado";"FORNECIMENTO DE VAGAS PARA PARTICIPAÇÃO DE EMPREGADOS DA PETROBRAS EM CURSOS E CONCLAVES OFERECIDOS AO MERCADO PELA CONTRATADA";"1.084.796,67"
"01/04/2016";"01/04/2016";"01/04/2016";"Ministério de Minas e Energia";"Petrobrás - Holding";"PETROLEO BRASILEIRO S/A";"Sem Informação";"Outros";"68110/2016";"Fechado";"MBA EM GESTÃO FINANCEIRA, CONTROLADORIA E AUDITORIA";"5.529,70"
"23/03/2016";"23/03/2016";"23/03/2016";"Ministério de Minas e Energia";"Empresas de Energia";"CIA. HIDROELETRICA DO SAO FRANCISCO S/A";"Sem Informação";"Outros";"243/2016";"Pendente";"ContratonCCNI922016078000Licitacaon922016078000AcessoàconsultadeindicesespecificosdaFGVutilizadospelaANEELemseubancodeprecosaseremaplicadosnoprojetodeindenizaca";"7.050,00"
"10/03/2016";"21/03/2016";"16/11/2016";"Ministério da Defesa";"Comando do Exército";"ESCOLA DE CMDO E ESTADO-MAIOR DO EXERCITO";"Inexigibilidade de Licitação";"Serviços";"2/2016";"Publicado";"CuRSO DE PÓS GRADUAÇÃO LATO SENSU , NÍVEL ESPECIALIZAÇÃO , DENOMINADO ""MBA EXECUTICO""";"513.000,00"
"08/03/2016";"08/03/2016";"07/09/2016";"Ministério do Desenvolvimento, Indústria, Comércio e Serviços";"Banco Nacional de Desenvolvimento Econômico e Social";"BANCO NACIONAL DE DESENVOL.ECONOMICO E SOCIAL";"Sem Informação";"Outros";"91/2016";"Fechado";"Patrocínio, pelo bndes, à realização do v brazil investmentconference, que ocorrerá em 9 de março de 2016, em nova iorque (eua).";"80.000,00"
"22/02/2016";"22/02/2016";"22/02/2016";"Ministério de Minas e Energia";"Empresas de Energia";"CIA. HIDROELETRICA DO SAO FRANCISCO S/A";"Sem Informação";"Outros";"143/2016";"Pendente";"ContratonCCNE922016055000Licitacaon922016055000RENOVACAODEASSINATURACOMAFGVDADOS-PADRAO";"6.141,35"
"01/02/2016";"01/02/2016";"02/12/2017";"Ministério da Defesa";"Comando da Aeronáutica";"COMISSAO DE IMPLANT.DO SIST.DE CONTR.DO E AER";"Inexigibilidade de Licitação";"Serviços";"2/2016";"Publicado";"Curso de Mestrado Profissional em Administração Pública para um oficial Intendente da CISCEA, ministrado pela FGV/EBAPE (Fundação Getúlio Vargas / Escola Brasil";"57.624,00"
"04/01/2016";"04/01/2016";"04/01/2016";"Ministério de Minas e Energia";"Petrobrás - Holding";"PETROLEO BRASILEIRO S/A";"Sem Informação";"Outros";"36686/2016";"Fechado";"Assinatura de publicação";"160,00"
"28/12/2015";"28/12/2015";"27/12/2016";"Ministério do Turismo";"Ministério do Turismo - Unidades com vínculo direto";"SUBSECRETARIA DE ADMINISTRACAO - SAD";"Dispensa de Licitação";"Serviços";"34/2015";"Publicado";"Contratação de serviços técnicos especializados para realização de Sondagens de Expectativas do Consumidor bem como as Sondagens Empresariais e Pesquisa Anual d";"1.076.000,00"
"23/12/2015";"16/02/2016";"16/02/2017";"Ministério da Fazenda";"Receita Federal do Brasil";"SUPERINTENDENCIA REGIONAL DA RFB NA 7A RF";"Dispensa de Licitação";"Serviços";"14/2015";"Publicado";"Realização de 1 (uma) turma do Curso dePós Graduação Lato Sensu, nível especialização,denominado ""Pós Graduação em Administração Pública"", com carga horária";"598.752,00"
"11/12/2015";"11/12/2015";"11/12/2015";"Ministério de Minas e Energia";"Petrobrás - Holding";"PETROLEO BRASILEIRO S/A";"Sem Informação";"Outros";"85664/2015";"Fechado";"Inscrição no Curso Contabilidade Geral e Análise";"1.145,00"
"11/12/2015";"11/12/2015";"11/12/2015";"Ministério de Minas e Energia";"Petrobrás - Holding";"PETROLEO BRASILEIRO S/A";"Sem Informação";"Outros";"85663/2015";"Fechado";"Inscrição no curso Contabilidade Geral e Análise";"1.145,00"
"10/12/2015";"10/12/2015";"10/12/2016";"Ministério de Portos e Aeroportos";"Ministério de Portos e Aeroportos - Unidades com vínculo direto";"SECRETARIA NACIONAL DE AVIACAO CIVIL";"Dispensa de Licitação";"Serviços";"31/2015";"Publicado";"Contratação direta da Fundação Getúlio Vargas para a realização de pesquisas sociais aplicadas e integradas ao ciclo de políticas públicas.";"4.750.000,00"
"10/12/2015";"10/12/2015";"10/12/2016";"Ministério de Portos e Aeroportos";"Ministério de Portos e Aeroportos - Unidades com vínculo direto";"SECRETARIA NACIONAL DE AVIACAO CIVIL";"Dispensa de Licitação";"Serviços";"32/2015";"Publicado";"Contratação direta da Fundação Getúlio Vargas para a prestação de serviços técnicos especializados de suporte ao desenvolvimento e implantação de metologia de a";"7.370.000,00"
"09/12/2015";"09/12/2015";"09/12/2015";"Ministério de Minas e Energia";"Petrobrás - Holding";"PETROLEO BRASILEIRO S/A";"Sem Informação";"Outros";"82981/2015";"Fechado";"Assinatura de publicação";"160,00"
"08/12/2015";"08/12/2015";"20/01/2017";"Ministério de Minas e Energia";"Empresas de Energia";"ELETROSUL CENTRAIS ELETRICAS S.A.";"Sem Informação";"Outros";"24400/2015";"Fechado";"ServiÇo renovaÇÃo assinatura de indice ''fgvdados'' conforme especificaÇÃo tÉcnica";"7.160,87"
"03/12/2015";"04/12/2015";"03/12/2017";"Ministério do Desenvolvimento, Indústria, Comércio e Serviços";"Banco Nacional de Desenvolvimento Econômico e Social";"BANCO NACIONAL DE DESENVOL.ECONOMICO E SOCIAL";"Sem Informação";"Outros";"531/2015";"Fechado";"Fornecimento de três assinaturas da revista conjuntura econômica em formato impresso e digital";"903,00"
"03/12/2015";"03/12/2015";"03/05/2018";"Ministério do Planejamento e Orçamento";"Fundação Instituto Brasileiro de Geografia e Estatística";"FUNDACAO IBGE-ADMINISTRACAO CENTRAL/RJ";"Dispensa de Licitação";"Serviços";"36/2015";"Publicado";"Contratação de serviços para realização de 2 (dois) Concursos Públicos para a recomposição do quadro de pessoal permanente: 1 (um) para os cargos de Analista e";"10.008.666,00"
"23/11/2015";"23/11/2015";"22/11/2016";"Ministério da Defesa";"Comando do Exército";"SECRETARIA DE ECONOMIA E FINANCAS";"Inexigibilidade de Licitação";"Serviços";"4/2015";"Publicado";"Contratação de instituição de notória especialização para ministrar curso de atualização de Contratos Administrativos e seu Gerenciamento para 70 (setenta) alun";"122.500,00"
"09/11/2015";"01/12/2015";"31/05/2017";"Banco Central do Brasil - Orçamento Fiscal e Seguridade Social";"Banco Central do Brasil - Orçamento Fiscal e Seguridade Social - Unidades com vínculo direto";"BANCO CENTRAL DO BRASIL";"Sem Informação";"Outros";"51449/2015";"Fechado";"CONTRATO DE PRESTAÇÃO DE SERVIÇOS DE CONSULTORIA ESPECIALIZADA PARA REALIZAÇÃO E EDIÇÃO DE ENTREVISTAS COM PESSOAS RELEVANTES PARA A HISTÓRIA DO BCB";"530.540,00"
"06/11/2015";"06/11/2015";"05/11/2016";"Ministério de Minas e Energia";"Empresas de Energia";"CENTRAIS ELETRICAS BRASILEIRAS S/A";"Sem Informação";"Outros";"131/2015";"Fechado";"O LICENCIAMENTO DE USO, PELA FGV/ IBRE, SEM CARÁTER DE EXCLUSIVIDADE, DO BANCO DE DADOS, DE NATUREZA ESTATÍSTICA, ECONÔMICA E FINANCEIRA, DISPONOBILIZADO À LICE";"47.031,50"
"03/11/2015";"03/11/2015";"03/11/2015";"Ministério de Minas e Energia";"Petrobrás - Holding";"PETROLEO BRASILEIRO S/A";"Sem Informação";"Outros";"33118/2015";"Fechado";"Inscrições em treinamentos externos";"1.530,01"
"26/10/2015";"26/10/2015";"26/10/2015";"Ministério de Minas e Energia";"Petrobrás - Holding";"PETROLEO BRASILEIRO S/A";"Sem Informação";"Outros";"23925/2015";"Fechado";"Pagamento de Curso em MBA";"22.510,01"
"26/10/2015";"26/10/2015";"26/10/2015";"Ministério de Minas e Energia";"Petrobrás - Holding";"PETROLEO BRASILEIRO S/A";"Sem Informação";"Outros";"23927/2015";"Fechado";"Pagamento de Curso em Mba Roberto Gomes Lima Junior";"22.510,01"
"15/10/2015";"15/10/2015";"15/10/2015";"Ministério de Minas e Energia";"Petrobrás - Holding";"PETROBRAS BIOCOMBUSTIVEL S/A - PBIO";"Sem Informação";"Outros";"84924/2015";"Fechado";"Inscrições em treinamentos externos";"16.999,00"
"13/10/2015";"13/10/2015";"23/10/2015";"Ministério de Minas e Energia";"Petrobrás - Holding";"PETROLEO BRASILEIRO S/A";"Sem Informação";"Outros";"99227/2015";"Fechado";"MBA GESTÃO EMPRESARIAL /FGV";"20.798,01"
"08/10/2015";"08/10/2015";"08/04/2017";"Ministério da Defesa";"Fundo do Exército";"CENTRO DE EST.DE PES.E FORTE DUQUE DE CAXIAS";"Inexigibilidade de Licitação";"Serviços";"17/2015";"Publicado";"Contratação de empresa para ministrar curso de MBA Executivo em Economia e Gestão: Recursos Humanos para militar deste Centro - Major Fausto Augusto de SOUZA PO";"29.060,00"
"08/10/2015";"08/10/2015";"07/10/2017";"Ministério da Cultura";"Ministério da Cultura - Unidades com vínculo direto";"COORD. GERAL DE EXEC. ORCAMENT, FINANC E CONT";"Inexigibilidade de Licitação";"Serviços";"31/2015";"Publicado";"Capacitação do servidor HERIK ZORNECK, matrícula Siape nº 2158226, CPF: 162.880.648-66, Analista Técnico de Políticas Sociais, Classe""A"", Padrão I, no curso """;"25.768,00"
"06/10/2015";"06/10/2015";"05/01/2017";"Ministério do Desenvolvimento, Indústria, Comércio e Serviços";"Banco Nacional de Desenvolvimento Econômico e Social";"BANCO NACIONAL DE DESENVOL.ECONOMICO E SOCIAL";"Sem Informação";"Outros";"305/2015";"Fechado";"Realização de pesquisa sobre o produto bndes de microcrédito, com a entrega de um total de 6 (seis) produtos, de acordo com as especificações constantes do proj";"2.160.000,00"
"02/10/2015";"02/10/2015";"02/10/2015";"Ministério de Minas e Energia";"Petrobrás - Holding";"PETROLEO BRASILEIRO S/A";"Sem Informação";"Outros";"77363/2015";"Fechado";"Inscrições em treinamentos externos";"1.530,01"
"01/10/2015";"01/10/2015";"01/10/2015";"Ministério de Minas e Energia";"Petrobrás - Holding";"PETROLEO BRASILEIRO S/A";"Sem Informação";"Outros";"77639/2015";"Fechado";"Assinatura de publicação";"21.626,59"
"29/09/2015";"01/10/2015";"30/09/2016";"Banco Central do Brasil - Orçamento Fiscal e Seguridade Social";"Banco Central do Brasil - Orçamento Fiscal e Seguridade Social - Unidades com vínculo direto";"BANCO CENTRAL DO BRASIL";"Sem Informação";"Outros";"40031/2015";"Fechado";"Revista conjuntura econômica";"160,00"
"25/09/2015";"25/09/2015";"25/09/2016";"Ministério das Relações Exteriores";"Ministério das Relações Exteriores - Unidades com vínculo direto";"DEPARTAMENTO DO SERVICO EXTERIOR - MRE";"Dispensa de Licitação";"Serviços";"7/2015";"Publicado";"Organização, planejamento e execução, de concurso público para provimento de 60 vagas, do cargo de oficial de chancelaria, de nível superior, do quadro de ser";"1.800.000,00"
"14/09/2015";"14/09/2015";"20/09/2015";"Ministério de Minas e Energia";"Petrobrás - Holding";"PETROLEO BRASILEIRO S/A";"Sem Informação";"Outros";"75190/2015";"Fechado";"Inscrição de MBA Logística e Supply Chain pela FGV/STRONG/ABC do";"22.510,01"
"01/09/2015";"01/09/2015";"01/09/2015";"Ministério de Minas e Energia";"Petrobrás - Holding";"PETROLEO BRASILEIRO S/A";"Sem Informação";"Outros";"22256/2015";"Fechado";"PARCELA DE PAGAMENTO DE INSCRIÇÃO EM CURSO";"1.530,01"
"26/08/2015";"01/02/2016";"30/09/2018";"Ministério da Saúde";"Fundação Oswaldo Cruz";"FUNDACAO OSWALDO CRUZ";"Inexigibilidade de Licitação";"Serviços";"48/2015";"Publicado";"Contratação de 20 (vinte) vagas no c urso aberto de pós-graduação stricto sensu da FGV DENOMINADO ""MESTRADO PROFISSIONAL EM ADMINISTRAÇÃO PÚBLICA - MAP"", nas";"1.238.400,00"
"10/08/2015";"10/08/2015";"10/08/2015";"Ministério de Minas e Energia";"Petrobrás - Holding";"PETROBRAS BIOCOMBUSTIVEL S/A - PBIO";"Sem Informação";"Outros";"69281/2015";"Fechado";"Inscrições em treinamentos externos";"920,00"
"05/08/2015";"05/08/2015";"06/08/2015";"Ministério de Minas e Energia";"Petrobrás - Holding";"PETROLEO BRASILEIRO S/A";"Sem Informação";"Outros";"62887/2015";"Fechado";"INSCRIÇÕES EM TREINAMENTOS EXTERNOS";"999,50"
"01/08/2015";"01/08/2015";"31/08/2015";"Ministério de Minas e Energia";"Petrobrás - Holding";"PETROLEO BRASILEIRO S/A";"Sem Informação";"Outros";"42905/2015";"Fechado";"MATRÍCULA EXTERNA DO EMPREGADO JEAN FABRÍCIO RAFAEL MACIEL NO CURSO DE";"18.200,00"
"01/08/2015";"01/08/2015";"31/08/2015";"Ministério de Minas e Energia";"Petrobrás - Holding";"PETROLEO BRASILEIRO S/A";"Sem Informação";"Outros";"42906/2015";"Fechado";"MATRÍCULA EXTERNA DO EMPREGADO MACIUS PINTO BANDEIRA GOMES NO CURSO DE";"18.200,00"
"01/08/2015";"01/08/2015";"31/08/2015";"Ministério de Minas e Energia";"Petrobrás - Holding";"PETROLEO BRASILEIRO S/A";"Sem Informação";"Outros";"32714/2015";"Fechado";"MATRÍCULA EXTERNA DO EMPREGADO ANDRÉ AFONSO DE MOURA SOUZA CRUZ NO CURSO";"20.499,00"
"01/08/2015";"01/08/2015";"31/08/2015";"Ministério de Minas e Energia";"Petrobrás - Holding";"PETROLEO BRASILEIRO S/A";"Sem Informação";"Outros";"25423/2015";"Fechado";"MATRÍCULA EXTERNA DO EMPREGADO ANDRÉ AFONSO DE MOURA SOUZA CRUZ NO CURSO";"20.499,00"
"01/08/2015";"01/08/2015";"30/09/2016";"Ministério da Defesa";"Comando do Exército";"1º CGCFEX - PATRIMONIAL";"Inexigibilidade de Licitação";"Serviços";"3/2015";"Publicado";"Curso de MBA Exucutivo em Finanças, Controladoria e Auditoria em favor do Tenente Coronel Marcos Wagner Rodrigues Monteiro.";"8.092,00"
"31/07/2015";"31/07/2015";"30/12/2015";"Ministério do Trabalho e Emprego";"Fundo de Amparo ao Trabalhador";"GERAL DE RECURSOS LOGISTICOS - CGRL";"Dispensa de Licitação";"Serviços";"33/2015";"Publicado";"Prestação de serviços especializados para análise e avaliação do desenvolvimento institucional da política de imigração no Brasil.";"2.320.000,00"
"30/07/2015";"01/04/2015";"22/06/2015";"Ministério de Minas e Energia";"Petrobrás - Holding";"PETROLEO BRASILEIRO S/A";"Sem Informação";"Outros";"820/2015";"Fechado";"SERVIÇOS TÉCNICOS PROFISSIONAIS ESPECIALIZADOS RELATIVOS A PESQUISA E APURAÇÃO DE UM CONJUNTO DE ÍNDICES.";"86.654,25"
"17/07/2015";"17/07/2015";"17/07/2016";"Ministério de Minas e Energia";"Empresas de Energia";"CENTRAIS ELETRICAS DO NORTE DO BRASIL S/A";"Sem Informação";"Outros";"84369/2015";"Fechado";"Contratação da fundação getúlio vargas para fornecimento de 1 (um) licenciamento com 3 (três) acessos, para uso do banco de dados de nominado fgvdados premium,";"44.246,89"
"13/07/2015";"13/07/2015";"13/07/2017";"Sem informação";"FURNAS-CENTRAIS ELETRICAS S.A.";"AMAZONAS DISTRIBUIDORA DE ENERGIA S/A";"Sem Informação";"Outros";"97372/2015";"Fechado";"Serviço de Licenciamento de Uso, Pela FGV/IBRE, sem caráter de Exclusividade, do Banco de Dados, de Natureza Estatística, Econômica e Financeira, Disponibilizad";"88.837,28"
"13/07/2015";"13/07/2015";"13/07/2015";"Ministério de Minas e Energia";"Petrobrás - Holding";"PETROLEO BRASILEIRO S/A";"Sem Informação";"Outros";"24682/2015";"Fechado";"INSCRIÇÕES EM TREINAMENTOS EXTERNOS";"920,00"
"10/07/2015";"14/07/2015";"12/07/2018";"Ministério dos Transportes";"Departamento Nacional de Infraestrutura de Transportes";"DEPART.NAC.INFRA ESTRUTURA TRANSPORTES.";"Dispensa de Licitação";"Serviços";"462/2015";"Publicado";"Execução de serviços técnicos especializados referentes à manutenção e à criação de composicões de custos unitários do Sistema de Custos Referenciais de Obras -";"98.952.000,00"
"03/07/2015";"03/07/2015";"03/07/2015";"Ministério de Minas e Energia";"Petrobrás - Holding";"PETROLEO BRASILEIRO S/A";"Sem Informação";"Outros";"2565/2015";"Fechado";"INSCRIÇÕES EM TREINAMENTOS EXTERNOS";"20.990,01"
"01/07/2015";"01/07/2015";"15/08/2015";"Ministério de Minas e Energia";"Petrobrás - Holding";"PETROLEO BRASILEIRO S/A";"Sem Informação";"Outros";"28801/2015";"Fechado";"Pagamento inscrição MBA em Gerenciamento de Projetos a Carlos Enrique de";"18.200,00"
"30/06/2015";"30/06/2015";"06/07/2015";"Ministério de Minas e Energia";"Petrobrás - Holding";"PETROLEO BRASILEIRO S/A";"Sem Informação";"Outros";"10978/2015";"Fechado";"TREINAMENTO INTERNO - S/DISCR. MATERIAL";"28.800,00"
"11/06/2015";"11/06/2015";"11/06/2015";"Ministério de Minas e Energia";"Petrobrás - Holding";"PETROLEO BRASILEIRO S/A";"Sem Informação";"Outros";"68144/2015";"Fechado";"INSCRIÇÕES EM TREINAMENTOS EXTERNOS";"24.541,01"
"10/06/2015";"10/06/2015";"10/06/2015";"Ministério de Minas e Energia";"Petrobrás - Holding";"PETROLEO BRASILEIRO S/A";"Sem Informação";"Outros";"52643/2015";"Fechado";"INSCRIÇÕES EM TREINAMENTOS EXTERNOS";"920,00"
"08/06/2015";"08/06/2015";"08/06/2015";"Ministério de Minas e Energia";"Petrobrás - Holding";"PETROLEO BRASILEIRO S/A";"Sem Informação";"Outros";"68143/2015";"Fechado";"INSCRIÇÕES EM TREINAMENTOS EXTERNOS";"24.541,01"
"01/06/2015";"01/06/2015";"31/07/2017";"Ministério da Defesa";"Comando da Aeronáutica";"GABINETE DO COMANDANTE DA AERONAUTICA";"Inexigibilidade de Licitação";"Serviços";"10/2015";"Publicado";"Contratação de Curso de Especialização, denominado MBA em planejamento, Orçamento e Gestão Pública.";"28.660,00"
"25/05/2015";"25/05/2015";"24/05/2016";"Ministério da Educação";"Instituto Nacional de Estudos e Pesquisas Educacionais Anísio Teixeira";"INST.NACIONAL DE EST.E PESQUISAS EDUCACIONAIS";"Dispensa de Licitação";"Serviços";"9/2015";"Publicado";"Prestação dos serviços, pela FGV, para analisar e atualizar a base de referência de preço para custo da mão de obra, serviços e insumos complementares dos Exame";"1.200.000,00"
"21/05/2015";"21/05/2015";"22/05/2015";"Ministério de Minas e Energia";"Petrobrás - Holding";"PETROLEO BRASILEIRO S/A";"Sem Informação";"Outros";"10995/2015";"Fechado";"INSCRIÇÕES EM TREINAMENTOS EXTERNOS";"20.990,01"
"15/05/2015";"15/05/2015";"15/05/2015";"Ministério de Minas e Energia";"Petrobrás - Holding";"PETROLEO BRASILEIRO S/A";"Sem Informação";"Outros";"10670/2015";"Fechado";"INSCRIÇÕES EM TREINAMENTOS EXTERNOS";"17.100,00"
"15/05/2015";"15/05/2015";"15/05/2015";"Ministério de Minas e Energia";"Petrobrás - Holding";"PETROLEO BRASILEIRO S/A";"Sem Informação";"Outros";"10669/2015";"Fechado";"INSCRIÇÕES EM TREINAMENTOS EXTERNOS";"17.100,00"
"15/05/2015";"15/05/2015";"15/05/2015";"Ministério de Minas e Energia";"Petrobrás - Holding";"PETROLEO BRASILEIRO S/A";"Sem Informação";"Outros";"10666/2015";"Fechado";"INSCRIÇÕES EM TREINAMENTOS EXTERNOS";"17.100,00"
"15/05/2015";"15/05/2015";"15/05/2015";"Ministério de Minas e Energia";"Petrobrás - Holding";"PETROLEO BRASILEIRO S/A";"Sem Informação";"Outros";"10671/2015";"Fechado";"INSCRIÇÕES EM TREINAMENTOS EXTERNOS";"17.100,00"
"13/05/2015";"13/05/2015";"12/05/2017";"Ministério da Cultura";"Ministério da Cultura - Unidades com vínculo direto";"COORD. GERAL DE EXEC. ORCAMENT, FINANC E CONT";"Inexigibilidade de Licitação";"Serviços";"11/2015";"Publicado";"Contratação da Fundação Getúlio Vargas - FGV/DF, para capacitação dos servidores FABIANO FRANCISCO CORDEIRO FAGUNDES, LUCAS JOSÉ SILVA DA SILVEIRA e MARCO HENRI";"77.304,00"
"08/05/2015";"08/05/2015";"08/05/2015";"Ministério de Minas e Energia";"Petrobrás - Holding";"PETROLEO BRASILEIRO S/A";"Sem Informação";"Outros";"49132/2015";"Fechado";"INSCRIÇÕES EM TREINAMENTOS EXTERNOS";"23.500,00"
"05/05/2015";"05/05/2015";"05/05/2015";"Ministério de Minas e Energia";"Petrobrás - Holding";"PETROBRAS BIOCOMBUSTIVEL S/A - PBIO";"Sem Informação";"Outros";"87836/2015";"Fechado";"Inscrições em treinamentos externos";"4.100,00"
"30/04/2015";"30/04/2015";"21/01/2017";"Ministério de Minas e Energia";"Petrobrás - Holding";"PETROLEO BRASILEIRO S/A";"Sem Informação";"Outros";"85194/2015";"Fechado";"INSCRIÇÕES EM TREINAMENTOS EXTERNOS";"18.050,01"
"30/04/2015";"30/04/2015";"30/01/2017";"Ministério da Defesa";"Comando da Marinha";"ESTADO-MAIOR DA ARMADA";"Inexigibilidade de Licitação";"Serviços";"1/2015";"Publicado";"Capacitação e aperfeiçoamento de 01 (um) militar que atua no assessoramento na área da Subchefia de Orçamento e Plano Diretor do Estado-Maior da Armada, por mei";"23.100,00"
"24/04/2015";"24/04/2015";"24/04/2017";"Ministério da Defesa";"Comando da Aeronáutica";"GRUPAMENTO DE APOIO DO RIO DE JANEIRO";"Inexigibilidade de Licitação";"Serviços";"12/2015";"Publicado";"Curso de mestrado profissional em Adm Pública NA Fundação Getúlio Vargas para duas militares do GAP-RJ.";"97.755,00"
"22/04/2015";"22/04/2015";"22/04/2017";"Ministério da Justiça e Segurança Pública";"Polícia Rodoviária Federal";"UNIVERSIDADE DA POLICIA RODOVIARIA FEDERAL";"Inexigibilidade de Licitação";"Serviços";"3/2015";"Publicado";"Contratação de Curso de Pós Graduação ""strictu sensu"" denominado Mestrado Profissional em Administração Pública para 01 (um) servidor da PRF.";"58.128,00"
"22/04/2015";"22/04/2015";"22/12/2015";"Ministério da Educação";"Ministério da Educação - Unidades com vínculo direto";"SUBSECRETARIA DE GESTAO ADMINISTRATIVA/MEC";"Inexigibilidade de Licitação";"Serviços";"31/2015";"Publicado";"Prestação de serviços de consultoria especializada para elaboração de análise de sustentabilidade financeira das propostas para autorização de curso de medicina";"860.000,00"
"15/04/2015";"04/08/2015";"30/10/2015";"Ministério da Defesa";"Comando do Exército";"ESCOLA DE CMDO E ESTADO-MAIOR DO EXERCITO";"Inexigibilidade de Licitação";"Serviços";"4/2015";"Publicado";"Mba executivo, com ÊNFASE EM ESTUDOs esRATÉGICOs";"230.000,00"
"13/04/2015";"13/04/2015";"13/04/2015";"Ministério de Minas e Energia";"Petrobrás - Holding";"PETROLEO BRASILEIRO S/A";"Sem Informação";"Outros";"56271/2015";"Fechado";"INSCRIÇÕES EM TREINAMENTOS EXTERNOS";"24.291,00"
"13/04/2015";"13/04/2015";"13/04/2015";"Ministério de Minas e Energia";"Empresas de Energia";"CIA. HIDROELETRICA DO SAO FRANCISCO S/A";"Sem Informação";"Outros";"316/2015";"Pendente";"ContratonCCNE922015070000Licitacaon922015070000RENOVACAODOLICENCIAMENTODEUSODOBANCODEDADOSFGVDADOSCOMACESSOILIMITADO";"5.570,89"
"13/04/2015";"13/04/2015";"12/04/2017";"Ministério da Defesa";"Comando do Exército";"COMANDO DA 11A. REGIAO MILITAR";"Inexigibilidade de Licitação";"Serviços";"21/2015";"Publicado";"Participação do servidor leonardo da silva lima, cpf n¿ 010.672.593-92 no curso de pós graduação lato sensu, nível especialização mba em gestão financeira, c";"26.378,00"
"01/04/2015";"01/04/2015";"30/04/2015";"Ministério de Minas e Energia";"Petrobrás - Holding";"PETROLEO BRASILEIRO S/A";"Sem Informação";"Outros";"494/2015";"Fechado";"Inscrições em treinamentos externos";"18.225,00"
"30/03/2015";"01/04/2015";"31/12/2016";"Ministério da Defesa";"Comando do Exército";"1º CGCFEX - PATRIMONIAL";"Inexigibilidade de Licitação";"Serviços";"1/2015";"Publicado";"Curso de Mestrado Profissional em Administração Pública em favor Major José Luiz daSilva e para o capitão Sinderley Júnior Ferreira da Paz.";"52.320,18"
"30/03/2015";"30/03/2015";"02/12/2015";"Ministério da Defesa";"Comando do Exército";"ESCOLA DE CMDO E ESTADO-MAIOR DO EXERCITO";"Inexigibilidade de Licitação";"Serviços";"3/2015";"Publicado";"Mba executivo , com enfase em gestão deprojetos";"570.000,00"
"24/03/2015";"24/03/2015";"23/03/2017";"Ministério da Fazenda";"Receita Federal do Brasil";"SUPERINTENDENCIA REGIONAL DA RFB NA 8A RF";"Dispensa de Licitação";"Serviços";"47/2014";"Publicado";"Contratação de curso de especialização em Direito Tributário de acordo com as regras do programa de pós graduação latu sensu da FGV Direito SP.";"760.375,56"
"10/03/2015";"10/03/2015";"10/06/2017";"Ministério do Esporte";"Ministério do Esporte - Unidades com vínculo direto";"SECRETARIA EXECUTIVA";"Inexigibilidade de Licitação";"Serviços";"2/2015";"Publicado";"Prestação de serviços técnicos especializados de apoio à manutenção e ampliação de base de preços unitários e composição de estimativas de preços de projetos re";"54.460.000,00"
"02/03/2015";"02/03/2015";"02/03/2015";"Ministério de Minas e Energia";"Petrobrás - Holding";"PETROLEO BRASILEIRO S/A";"Sem Informação";"Outros";"77164/2015";"Fechado";"INSCRIÇÕES EM TREINAMENTOS EXTERNOS";"20.349,00"
"25/02/2015";"25/02/2015";"25/02/2015";"Ministério de Minas e Energia";"Petrobrás - Holding";"PETROLEO BRASILEIRO S/A";"Sem Informação";"Outros";"59936/2015";"Fechado";"INSCRIÇÕES EM TREINAMENTOS EXTERNOS";"20.990,01"
"19/02/2015";"19/02/2015";"19/02/2015";"Ministério de Minas e Energia";"Petrobrás - Holding";"PETROLEO BRASILEIRO S/A";"Sem Informação";"Outros";"49229/2015";"Fechado";"INSCRIÇÕES EM TREINAMENTOS EXTERNOS";"20.349,00"
"19/02/2015";"19/02/2015";"19/02/2015";"Ministério de Minas e Energia";"Petrobrás - Holding";"PETROLEO BRASILEIRO S/A";"Sem Informação";"Outros";"49231/2015";"Fechado";"INSCRIÇÕES EM TREINAMENTOS EXTERNOS";"20.349,00"
"18/02/2015";"18/02/2015";"19/02/2015";"Ministério de Minas e Energia";"Petrobrás - Holding";"PETROLEO BRASILEIRO S/A";"Sem Informação";"Outros";"53633/2015";"Fechado";"INSCRIÇÕES EM TREINAMENTOS EXTERNOS";"17.992,00"
"18/02/2015";"18/02/2015";"19/02/2015";"Ministério de Minas e Energia";"Petrobrás - Holding";"PETROLEO BRASILEIRO S/A";"Sem Informação";"Outros";"53634/2015";"Fechado";"INSCRIÇÕES EM TREINAMENTOS EXTERNOS";"17.992,00"
"18/02/2015";"18/02/2015";"19/02/2015";"Ministério de Minas e Energia";"Petrobrás - Holding";"PETROLEO BRASILEIRO S/A";"Sem Informação";"Outros";"53631/2015";"Fechado";"INSCRIÇÕES EM TREINAMENTOS EXTERNOS";"17.992,00"
"18/02/2015";"18/02/2015";"19/02/2015";"Ministério de Minas e Energia";"Petrobrás - Holding";"PETROLEO BRASILEIRO S/A";"Sem Informação";"Outros";"53626/2015";"Fechado";"INSCRIÇÕES EM TREINAMENTOS EXTERNOS";"17.992,00"
"18/02/2015";"18/02/2015";"19/02/2015";"Ministério de Minas e Energia";"Petrobrás - Holding";"PETROLEO BRASILEIRO S/A";"Sem Informação";"Outros";"57996/2015";"Fechado";"INSCRIÇÕES EM TREINAMENTOS EXTERNOS";"17.992,00"
"18/02/2015";"18/02/2015";"19/02/2015";"Ministério de Minas e Energia";"Petrobrás - Holding";"PETROLEO BRASILEIRO S/A";"Sem Informação";"Outros";"53629/2015";"Fechado";"INSCRIÇÕES EM TREINAMENTOS EXTERNOS";"17.992,00"
"18/02/2015";"18/02/2015";"19/02/2015";"Ministério de Minas e Energia";"Petrobrás - Holding";"PETROLEO BRASILEIRO S/A";"Sem Informação";"Outros";"58003/2015";"Fechado";"INSCRIÇÕES EM TREINAMENTOS EXTERNOS";"17.992,00"
"11/02/2015";"11/02/2015";"12/02/2015";"Ministério de Minas e Energia";"Petrobrás - Holding";"PETROLEO BRASILEIRO S/A";"Sem Informação";"Outros";"53811/2015";"Fechado";"INSCRIÇÕES EM TREINAMENTOS EXTERNOS";"13.365,00"
"11/02/2015";"11/02/2015";"12/02/2015";"Ministério de Minas e Energia";"Petrobrás - Holding";"PETROLEO BRASILEIRO S/A";"Sem Informação";"Outros";"60915/2015";"Fechado";"INSCRIÇÕES EM TREINAMENTOS EXTERNOS";"17.992,00"
"11/02/2015";"11/02/2015";"12/02/2015";"Ministério de Minas e Energia";"Petrobrás - Holding";"PETROLEO BRASILEIRO S/A";"Sem Informação";"Outros";"53813/2015";"Fechado";"INSCRIÇÕES EM TREINAMENTOS EXTERNOS";"17.992,00"
"11/02/2015";"11/02/2015";"12/02/2015";"Ministério de Minas e Energia";"Petrobrás - Holding";"PETROLEO BRASILEIRO S/A";"Sem Informação";"Outros";"53812/2015";"Fechado";"INSCRIÇÕES EM TREINAMENTOS EXTERNOS";"17.992,00"
"02/02/2015";"02/02/2015";"01/09/2015";"Ministério da Defesa";"Indústria de Material Bélico do Brasil";"INDUSTRIA DE MATERIAL BELICO DO BRASIL - UA";"Dispensa de Licitação";"Serviços";"1/2015";"Publicado";"Apoiar a contratante na elaboração e implantação de seu planejamento estratégico 2017-2026.";"1.180.000,00"
"14/01/2015";"14/01/2015";"14/01/2015";"Ministério de Minas e Energia";"Petrobrás - Holding";"PETROLEO BRASILEIRO S/A";"Sem Informação";"Outros";"97644/2015";"Fechado";"INSCRIÇÕES EM TREINAMENTOS EXTERNOS";"19.700,00"
"12/01/2015";"12/01/2015";"20/01/2016";"Ministério de Minas e Energia";"Empresas de Energia";"ELETROSUL CENTRAIS ELETRICAS S.A.";"Sem Informação";"Outros";"23280/2015";"Fechado";"Serviço renovação assinatura de indice FGVDADOS conforme especificação técnica";"6.506,33"
"31/12/2014";"31/12/2014";"30/12/2015";"Ministério das Comunicações";"Agêncial Nacional de Telecomunicações";"AGENCIA NACIONAL DE TELECOMUNICACOES-SEDE";"Sem Informação";"Outros";"45/2014";"Fechado";"Licenciamento de uso pela fgvibre, sem carater de exclusividade, do banco de dados de natureza estatistica, economica e financeira disponibilizado a licenciada";"11.713,40"
"31/12/2014";"31/12/2014";"30/12/2017";"Ministério dos Transportes";"Agência Nacional de Transportes Terrestres";"AGENCIA NACIONAL DE TRANSPORTES TERRESTRES";"Dispensa de Licitação";"Serviços";"86/2014";"Publicado";"Contratação de serviços técnicos especializados referentes à análise, manutenção e criação de composições de custos unitários da SICFER - Sistemática de Cálculo";"40.989.133,11"
"31/12/2014";"31/12/2014";"30/12/2015";"Ministério das Comunicações";"Agêncial Nacional de Telecomunicações";"AGENCIA NACIONAL DE TELECOMUNICACOES-SEDE";"Inexigibilidade de Licitação";"Serviços";"45/2014";"Publicado";"Licenciamento de uso, pela FGV/IBRE, sem caráter de exclusividade, do Banco de Dados, de natureza estatística, econômica e financeira, disponibilizado à licenci";"11.713,40"
"30/12/2014";"30/12/2014";"29/12/2015";"Ministério das Cidades";"Companhia Brasileira de Trens Urbanos";"CIA BRASILEIRA DE TRENS URBANOS-ADM.CENTRAL";"Sem Informação";"Outros";"20/2014";"Fechado";"Contratação de serviços para elaboração do Planejamento Estratégico Institucional e Modernização Administrativa da Companhia Brasileira de Trens Urbanos - CBTU";"2.470.000,00"
"23/12/2014";"02/03/2015";"01/09/2015";"Ministério da Defesa";"Comando do Exército";"DEPARTAMENTO-GERAL DO PESSOAL";"Dispensa de Licitação";"Serviços";"22/2014";"Publicado";"Contratação de serviço especializado de consultoria para análise crítica do Novo Plano de Carreira e do Sistema de Educação da Transformação do Exército Brasile";"850.000,00"
"22/12/2014";"22/12/2014";"21/03/2015";"Ministério de Minas e Energia";"Petrobrás - Holding";"PETROBRAS TRANSPORTE S.A.";"Sem Informação";"Outros";"1546/2015";"Fechado";"Serviços técnicos profissionais especialIZADOS DE ANÁLISE ESTATÍSTICA DE PREÇOS DE MERCADO E DEFINIÇÃO DE METODOLOGIA PARA AUXILIAR NA FORMAÇÃO DE NOVAS TARIFAS";"194.500,00"
"18/12/2014";"18/12/2014";"17/12/2015";"Ministério de Minas e Energia";"Empresa de Pesquisa Energética";"EMPRESA DE PESQUISA ENERGETICA";"Sem Informação";"Outros";"27/2014";"Fechado";"Contratação do licenciamento de uso do do Banco de Dados online ""FGVDADOS PREMIUM"", pelo período de 12 meses.";"47.850,58"
"18/12/2014";"18/12/2014";"19/12/2014";"Ministério de Minas e Energia";"Petrobrás - Holding";"PETROLEO BRASILEIRO S/A";"Sem Informação";"Outros";"4305/2014";"Fechado";"TREINAMENTO INTERNO";"16.800,00"
"16/12/2014";"16/12/2014";"16/12/2014";"Ministério de Minas e Energia";"Petrobrás - Holding";"PETROLEO BRASILEIRO S/A";"Sem Informação";"Outros";"43172/2014";"Fechado";"INSCRIÇÕES EM TREINAMENTOS EXTERNOS";"21.420,00"
"11/12/2014";"11/12/2014";"10/12/2015";"Ministério do Turismo";"Ministério do Turismo - Unidades com vínculo direto";"SUBSECRETARIA DE ADMINISTRACAO - SAD";"Dispensa de Licitação";"Serviços";"38/2014";"Publicado";"Realização do estudo Índice de Competitividade do Turismo Nacional 2014/2015.";"1.980.000,00"
"04/12/2014";"04/12/2014";"04/02/2015";"Ministério da Defesa";"Comando da Marinha";"CENTRO DE COMUNICACAO ESTRATEGICA DA MARINHA";"Sem Informação";"Outros";"4/2014";"Fechado";"Pesquisa de opinião pública de avaliação de imagem da Marinha do Brasil.";"495.000,00"
"04/12/2014";"04/12/2014";"04/12/2014";"Ministério de Minas e Energia";"Petrobrás - Holding";"PETROLEO BRASILEIRO S/A";"Sem Informação";"Outros";"46586/2014";"Fechado";"INSCRIÇÕES EM TREINAMENTOS EXTERNOS";"20.736,00"
"02/12/2014";"02/12/2014";"02/12/2014";"Ministério de Minas e Energia";"Petrobrás - Holding";"PETROBRAS BIOCOMBUSTIVEL S/A - PBIO";"Sem Informação";"Outros";"27642/2014";"Fechado";"Inscrições em treinamentos externos";"880,00"
"02/12/2014";"02/12/2014";"02/12/2014";"Ministério de Minas e Energia";"Petrobrás - Holding";"PETROLEO BRASILEIRO S/A";"Sem Informação";"Outros";"38967/2014";"Fechado";"INSCRIÇÕES EM TREINAMENTOS EXTERNOS";"2.400,00"
"13/11/2014";"13/11/2014";"13/11/2015";"Sem informação";"FURNAS-CENTRAIS ELETRICAS S.A.";"AMAZONAS DISTRIBUIDORA DE ENERGIA S/A";"Sem Informação";"Outros";"94549/2014";"Fechado";"Contratação de empresa para realização de estudos de apoio à equalização financeira da Amazonas Energia às Centrais Elétricas Brasileiras S.A (Eletrobras)";"3.315.000,00"
"05/11/2014";"05/11/2014";"04/11/2015";"Ministério de Minas e Energia";"Petrobrás - Holding";"PETROLEO BRASILEIRO S/A";"Sem Informação";"Outros";"78639/2014";"Fechado";"ACESSO À BASE DE DADOS ESTATÍSTICOS; ECONÔMICOS E FINANCEIROS DA FGV/IBR.";"69.121,73"
"30/10/2014";"30/10/2014";"30/10/2014";"Ministério de Minas e Energia";"Petrobrás - Holding";"PETROLEO BRASILEIRO S/A";"Sem Informação";"Outros";"58365/2014";"Fechado";"ASSINATURA JORNAIS, REVIST.ACESSO ELETR.";"148,00"
"29/10/2014";"29/10/2014";"28/02/2015";"Ministério da Fazenda";"Superintendência de Seguros Privados";"SUPERINTENDENCIA DE SEGUROS PRIVADOS - RJ";"Dispensa de Licitação";"Serviços";"5439/2014";"Publicado";"Realização do Programa Gerenciamento da Mudança.";"75.600,00"
"17/10/2014";"17/10/2014";"17/10/2014";"Ministério de Minas e Energia";"Petrobrás - Holding";"PETROLEO BRASILEIRO S/A";"Sem Informação";"Outros";"42571/2014";"Fechado";"INSCRIÇÕES EM TREINAMENTOS EXTERNOS";"19.997,00"
"15/10/2014";"15/10/2014";"31/12/2014";"Ministério da Educação";"Fundação Universidade Federal do ABC";"FUNDACAO UNIVERSIDADE FEDERAL DO ABC";"Inexigibilidade de Licitação";"Serviços";"50/2014";"Publicado";"Contratação de empresa especializada em para a prestação de serviços de treinamento ""in company"" do curso: Capacitação para dirigentes, gestores de equipe, e se";"388.400,00"
"14/10/2014";"14/10/2014";"14/10/2014";"Ministério de Minas e Energia";"Petrobrás - Holding";"PETROLEO BRASILEIRO S/A";"Sem Informação";"Outros";"42054/2014";"Fechado";"INSCRIÇÕES EM TREINAMENTOS EXTERNOS";"880,00"
"09/10/2014";"09/10/2014";"09/10/2014";"Ministério de Minas e Energia";"Petrobrás - Holding";"PETROLEO BRASILEIRO S/A";"Sem Informação";"Outros";"40548/2014";"Fechado";"INSCRIÇÕES EM TREINAMENTOS EXTERNOS";"21.420,00"
"09/10/2014";"09/10/2014";"09/10/2014";"Ministério de Minas e Energia";"Petrobrás - Holding";"PETROLEO BRASILEIRO S/A";"Sem Informação";"Outros";"35543/2014";"Fechado";"INSCRIÇÕES EM TREINAMENTOS EXTERNOS";"21.420,00"
"06/10/2014";"06/10/2014";"06/10/2014";"Ministério de Minas e Energia";"Petrobrás - Holding";"PETROLEO BRASILEIRO S/A";"Sem Informação";"Outros";"30793/2014";"Fechado";"ASSINATURA JORNAIS, REVIST.ACESSO ELETR.";"148,00"
"05/10/2014";"05/10/2014";"05/10/2016";"Ministério de Minas e Energia";"Petrobrás - Holding";"PETROBRAS TRANSPORTE S.A.";"Sem Informação";"Outros";"1396/2015";"Fechado";"Realização dos cursos liderança em ação, FUNDAMENTOS EM FINANÇAS E NEGOCIAÇÃO AVANÇADA, ESPECIALMENTE PARA ATUAIS E POTENCIAIS COMANDANTES E CHEFES DE MÁQUINAS.";"990.080,00"
"01/10/2014";"01/10/2014";"13/05/2015";"Ministério de Minas e Energia";"Petrobrás - Holding";"PETROLEO BRASILEIRO S/A";"Sem Informação";"Outros";"53387/2014";"Fechado";"PESQUISA DE MERCADO E OPINIÃO PÚBLICA";"163.000,00"
"01/10/2014";"01/10/2014";"01/10/2014";"Ministério de Minas e Energia";"Petrobrás - Holding";"PETROLEO BRASILEIRO S/A";"Sem Informação";"Outros";"13469/2014";"Fechado";"INSCRIÇÕES EM TREINAMENTOS EXTERNOS";"21.420,00"
"24/09/2014";"17/10/2014";"28/08/2015";"Banco Central do Brasil - Orçamento Fiscal e Seguridade Social";"Banco Central do Brasil - Orçamento Fiscal e Seguridade Social - Unidades com vínculo direto";"BANCO CENTRAL DO BRASIL";"Sem Informação";"Outros";"51101/2014";"Fechado";"Treinamento no Curso MBA Executivo em Saúde";"27.240,00"
"23/09/2014";"23/09/2014";"22/03/2015";"Ministério da Educação";"Fundação Universidade do Amazonas";"FUNDACAO UNIVERSIDADE DO AMAZONAS";"Dispensa de Licitação";"Serviços";"4/2014";"Retificação - Publicado";"Prestação de serviço visando a elaboração do Planejamento Estratégico e a revisão do Plano de Desenvolvimento Institucional da UFAM para o período de 2016 a 202";"412.000,00"
"18/09/2014";"18/09/2014";"18/09/2016";"Ministério do Meio Ambiente e Mudança do Clima";"Instituto Brasileiro do Meio Ambiente e dos Recursos Naturais Renováveis";"IBAMA-INST.BRAS.DO MEIO AMB.E DOS REC.NAT.REN";"Inexigibilidade de Licitação";"Serviços";"33/2014";"Rescindido - Publicado";"Curso de pós-graduação do servidor José Maria Lopes da Silva";"22.750,00"
"17/09/2014";"17/09/2014";"17/09/2014";"Ministério de Minas e Energia";"Petrobrás - Holding";"PETROLEO BRASILEIRO S/A";"Sem Informação";"Outros";"76504/2014";"Fechado";"INSCRIÇÕES EM TREINAMENTOS EXTERNOS";"780,00"
"15/09/2014";"15/09/2014";"15/09/2014";"Ministério de Minas e Energia";"Petrobrás - Holding";"PETROLEO BRASILEIRO S/A";"Sem Informação";"Outros";"76498/2014";"Fechado";"INSCRIÇÕES EM TREINAMENTOS EXTERNOS";"780,00"
"15/09/2014";"15/09/2014";"15/09/2014";"Ministério de Minas e Energia";"Petrobrás - Holding";"PETROLEO BRASILEIRO S/A";"Sem Informação";"Outros";"76496/2014";"Fechado";"INSCRIÇÕES EM TREINAMENTOS EXTERNOS";"780,00"
"15/09/2014";"15/09/2014";"15/09/2014";"Ministério de Minas e Energia";"Petrobrás - Holding";"PETROLEO BRASILEIRO S/A";"Sem Informação";"Outros";"76502/2014";"Fechado";"INSCRIÇÕES EM TREINAMENTOS EXTERNOS";"780,00"
"15/09/2014";"15/09/2014";"15/09/2014";"Ministério de Minas e Energia";"Petrobrás - Holding";"PETROLEO BRASILEIRO S/A";"Sem Informação";"Outros";"76499/2014";"Fechado";"INSCRIÇÕES EM TREINAMENTOS EXTERNOS";"780,00"
"15/09/2014";"15/09/2014";"14/09/2016";"Ministério da Cultura";"Ministério da Cultura - Unidades com vínculo direto";"COORD. GERAL DE EXEC. ORCAMENT, FINANC E CONT";"Inexigibilidade de Licitação";"Serviços";"167/2014";"Publicado";"Contratação de instituição renomada, de natureza singular e notória especialização, com experiência no serviço público, para realização de serviço técnico espec";"30.730,00"
"11/09/2014";"11/09/2014";"11/09/2014";"Ministério de Minas e Energia";"Petrobrás - Holding";"PETROLEO BRASILEIRO S/A";"Sem Informação";"Outros";"76494/2014";"Fechado";"INSCRIÇÕES EM TREINAMENTOS EXTERNOS";"780,00"
"11/09/2014";"11/09/2014";"11/09/2014";"Ministério de Minas e Energia";"Petrobrás - Holding";"PETROLEO BRASILEIRO S/A";"Sem Informação";"Outros";"74777/2014";"Fechado";"INSCRIÇÕES EM TREINAMENTOS EXTERNOS";"20.498,56"
"11/09/2014";"15/09/2014";"14/09/2016";"Ministério da Defesa";"Comando do Exército";"CENTRO INTEGRADO DE TELEMATICA DO EXERCITO";"Inexigibilidade de Licitação";"Serviços";"10/2014";"Publicado";"Curso de Pós-Graduação ""Lato Sensu"", MBA em Gerenciamento de Projetos, de acordo com as especificações constantes do Termo de Justificativa (Anexo I).";"28.560,00"
"09/09/2014";"09/09/2014";"09/09/2015";"Ministério dos Transportes";"VALEC Engenharia, Construções e Ferrovias S.A.";"VALEC ENGENHARIA, CONSTRUCOES E FERROVIAS S.A";"Sem Informação";"Outros";"23/2014";"Pendente";"O licenciamento de uso, FGV/IBRE, sem caráter de exclusividade, do Banco de Dados, de natureza estatística, econômica financeira, disponibilizado à contratante";"5.516,41"
"09/09/2014";"09/09/2014";"09/09/2014";"Ministério de Minas e Energia";"Petrobrás - Holding";"PETROLEO BRASILEIRO S/A";"Sem Informação";"Outros";"60143/2014";"Fechado";"ASSINATURA JORNAIS, REVIST.ACESSO ELETR.";"148,00"
"09/09/2014";"09/09/2014";"09/09/2014";"Ministério de Minas e Energia";"Petrobrás - Holding";"PETROLEO BRASILEIRO S/A";"Sem Informação";"Outros";"74774/2014";"Fechado";"INSCRIÇÕES EM TREINAMENTOS EXTERNOS";"17.200,00"
"03/09/2014";"03/09/2014";"03/09/2014";"Ministério de Minas e Energia";"Petrobrás - Holding";"PETROLEO BRASILEIRO S/A";"Sem Informação";"Outros";"75469/2014";"Fechado";"INSCRIÇÕES EM TREINAMENTOS EXTERNOS";"24.489,60"
"03/09/2014";"03/09/2014";"03/09/2014";"Ministério de Minas e Energia";"Petrobrás - Holding";"PETROLEO BRASILEIRO S/A";"Sem Informação";"Outros";"75910/2014";"Fechado";"INSCRIÇÕES EM TREINAMENTOS EXTERNOS";"18.600,00"
"03/09/2014";"03/09/2014";"25/02/2016";"Ministério da Defesa";"Comando do Exército";"COMANDO DA 11A. REGIAO MILITAR";"Inexigibilidade de Licitação";"Serviços";"37/2014";"Publicado";"Participação de servidor no curso de pós-graduação lato sensu, nivel especialização em gerenciamento de projetos pela fundação getulio vargas.";"23.000,00"
"02/09/2014";"02/09/2014";"02/09/2014";"Ministério de Minas e Energia";"Petrobrás - Holding";"PETROLEO BRASILEIRO S/A";"Sem Informação";"Outros";"68722/2014";"Fechado";"INSCRIÇÕES EM TREINAMENTOS EXTERNOS";"24.360,00"
"01/09/2014";"01/09/2014";"01/09/2014";"Ministério de Minas e Energia";"Petrobrás - Holding";"PETROLEO BRASILEIRO S/A";"Sem Informação";"Outros";"66958/2014";"Fechado";"INSCRIÇÕES EM TREINAMENTOS EXTERNOS";"17.100,00"
"19/08/2014";"19/08/2014";"19/08/2014";"Ministério de Minas e Energia";"Petrobrás - Holding";"PETROLEO BRASILEIRO S/A";"Sem Informação";"Outros";"14040/2014";"Fechado";"ASSINATURA JORNAIS, REVIST.ACESSO ELETR.";"148,00"
"19/08/2014";"19/08/2014";"19/08/2014";"Ministério de Minas e Energia";"Petrobrás - Holding";"PETROLEO BRASILEIRO S/A";"Sem Informação";"Outros";"14039/2014";"Fechado";"ASSINATURA JORNAIS, REVIST.ACESSO ELETR.";"148,00"
"18/08/2014";"18/08/2014";"18/08/2014";"Ministério de Minas e Energia";"Petrobrás - Holding";"PETROLEO BRASILEIRO S/A";"Sem Informação";"Outros";"15762/2014";"Fechado";"ASSINATURA JORNAIS, REVIST.ACESSO ELETR.";"19.780,37"
"12/08/2014";"12/08/2014";"12/08/2014";"Ministério de Minas e Energia";"Petrobrás - Holding";"PETROLEO BRASILEIRO S/A";"Sem Informação";"Outros";"16772/2014";"Fechado";"INSCRIÇÕES EM TREINAMENTOS EXTERNOS";"692,00"
"11/08/2014";"11/08/2014";"11/08/2014";"Ministério de Minas e Energia";"Petrobrás - Holding";"PETROLEO BRASILEIRO S/A";"Sem Informação";"Outros";"21975/2014";"Fechado";"INSCRIÇÕES EM TREINAMENTOS EXTERNOS";"972,00"
"07/08/2014";"07/08/2014";"07/08/2014";"Ministério de Minas e Energia";"Petrobrás - Holding";"PETROLEO BRASILEIRO S/A";"Sem Informação";"Outros";"6135/2014";"Fechado";"INSCRIÇÕES EM TREINAMENTOS EXTERNOS";"19.990,01"
"07/08/2014";"07/08/2014";"07/08/2014";"Ministério de Minas e Energia";"Petrobrás - Holding";"PETROLEO BRASILEIRO S/A";"Sem Informação";"Outros";"6134/2014";"Fechado";"INSCRIÇÕES EM TREINAMENTOS EXTERNOS";"18.970,01"
"07/08/2014";"07/08/2014";"07/06/2016";"Ministério da Fazenda";"Ministério da Fazenda - Unidades com vínculo direto";"PROCURADORIA GERAL DA FAZENDA NACIONAL";"Inexigibilidade de Licitação";"Serviços";"7/2014";"Publicado";"O presente Contrato tem por objeto a execução de 01 (uma) turma do curso de Pós-Graduação Lato Sensu, nível especialização, denominado ""Pós-Graduação em Adminis";"627.589,96"
"06/08/2014";"06/08/2014";"06/08/2014";"Ministério de Minas e Energia";"Petrobrás - Holding";"PETROLEO BRASILEIRO S/A";"Sem Informação";"Outros";"13432/2014";"Fechado";"INSCRIÇÕES EM TREINAMENTOS EXTERNOS";"7.137,71"
"06/08/2014";"06/08/2014";"06/08/2014";"Ministério de Minas e Energia";"Petrobrás - Holding";"PETROLEO BRASILEIRO S/A";"Sem Informação";"Outros";"7318/2014";"Fechado";"INSCRIÇÕES EM TREINAMENTOS EXTERNOS";"25.778,99"
"04/08/2014";"04/08/2014";"04/08/2014";"Ministério de Minas e Energia";"Petrobrás - Holding";"PETROLEO BRASILEIRO S/A";"Sem Informação";"Outros";"2476/2014";"Fechado";"INSCRIÇÕES EM TREINAMENTOS EXTERNOS";"692,00"
"04/08/2014";"04/08/2014";"04/08/2014";"Ministério de Minas e Energia";"Petrobrás - Holding";"PETROLEO BRASILEIRO S/A";"Sem Informação";"Outros";"5996/2014";"Fechado";"INSCRIÇÕES EM TREINAMENTOS EXTERNOS";"9.980,00"
"04/08/2014";"04/08/2014";"31/12/2014";"Ministério do Desenvolvimento Agrário e Agricultura Familiar";"Ministério do Desenvolvimento Agrário e Agricultura Familiar - Unidades com vínculo direto";"SUBSEC. DE PLANEJ., ORC. E ADMINIST./MDA";"Inexigibilidade de Licitação";"Serviços";"104/2014";"Publicado";"Realização do curso ""Liderança Sustantável: Lições da Natureza"" para servidores que ocupam cargos gerenciais no âmbito do Ministério do Desenvolvimento Agrário";"168.000,00"
"01/08/2014";"01/08/2014";"31/08/2014";"Ministério de Minas e Energia";"Petrobrás - Holding";"PETROLEO BRASILEIRO S/A";"Sem Informação";"Outros";"54355/2014";"Fechado";"INSCRIÇÕES EM TREINAMENTOS EXTERNOS";"20.499,00"
"01/08/2014";"01/08/2014";"01/08/2014";"Ministério de Minas e Energia";"Petrobrás - Holding";"PETROLEO BRASILEIRO S/A";"Sem Informação";"Outros";"88817/2014";"Fechado";"INSCRIÇÕES EM TREINAMENTOS EXTERNOS";"600,00"
"01/08/2014";"01/08/2014";"01/08/2014";"Ministério de Minas e Energia";"Petrobrás - Holding";"PETROLEO BRASILEIRO S/A";"Sem Informação";"Outros";"2271/2014";"Fechado";"INSCRIÇÕES EM TREINAMENTOS EXTERNOS";"25.640,00"
"30/07/2014";"30/07/2014";"31/07/2014";"Ministério de Minas e Energia";"Petrobrás - Holding";"PETROLEO BRASILEIRO S/A";"Sem Informação";"Outros";"90590/2014";"Fechado";"INSCRIÇÕES EM TREINAMENTOS EXTERNOS";"17.992,00"
"30/07/2014";"30/07/2014";"31/07/2014";"Ministério de Minas e Energia";"Petrobrás - Holding";"PETROLEO BRASILEIRO S/A";"Sem Informação";"Outros";"89671/2014";"Fechado";"INSCRIÇÕES EM TREINAMENTOS EXTERNOS";"17.992,00"
"30/07/2014";"30/07/2014";"30/07/2014";"Ministério de Minas e Energia";"Petrobrás - Holding";"PETROLEO BRASILEIRO S/A";"Sem Informação";"Outros";"73949/2014";"Fechado";"INSCRIÇÕES EM TREINAMENTOS EXTERNOS";"19.990,01"
"23/07/2014";"23/07/2014";"09/11/2015";"Ministério de Minas e Energia";"Petrobrás - Holding";"PETROLEO BRASILEIRO S/A";"Sem Informação";"Outros";"49475/2014";"Fechado";"SERVIÇOS EDUCACIONAIS COM FORNECIMENTO DE VAGAS PARA PARTICIPAÇÃO DE EMPREGADOS EM CURSOS ...";"2.397.195,27"
"22/07/2014";"22/07/2014";"23/07/2014";"Ministério de Minas e Energia";"Petrobrás - Holding";"PETROLEO BRASILEIRO S/A";"Sem Informação";"Outros";"65915/2014";"Fechado";"INSCRIÇÕES EM TREINAMENTOS EXTERNOS";"17.992,00"
"22/07/2014";"22/07/2014";"22/07/2014";"Ministério de Minas e Energia";"Petrobrás - Holding";"PETROLEO BRASILEIRO S/A";"Sem Informação";"Outros";"57045/2014";"Fechado";"INSCRIÇÕES EM TREINAMENTOS EXTERNOS";"18.970,01"
"15/07/2014";"15/07/2014";"15/07/2014";"Ministério de Minas e Energia";"Petrobrás - Holding";"PETROLEO BRASILEIRO S/A";"Sem Informação";"Outros";"55293/2014";"Fechado";"INSCRIÇÕES EM TREINAMENTOS EXTERNOS";"25.465,90"
"14/07/2014";"14/07/2014";"15/07/2014";"Ministério de Minas e Energia";"Petrobrás - Holding";"PETROLEO BRASILEIRO S/A";"Sem Informação";"Outros";"51705/2014";"Fechado";"INSCRIÇÕES EM TREINAMENTOS EXTERNOS";"24.541,01"
"11/07/2014";"11/07/2014";"11/07/2014";"Ministério de Minas e Energia";"Petrobrás - Holding";"PETROLEO BRASILEIRO S/A";"Sem Informação";"Outros";"55189/2014";"Fechado";"INSCRIÇÕES EM TREINAMENTOS EXTERNOS";"19.990,01"
"10/07/2014";"10/07/2014";"10/07/2014";"Ministério de Minas e Energia";"Petrobrás - Holding";"PETROLEO BRASILEIRO S/A";"Sem Informação";"Outros";"56490/2014";"Fechado";"INSCRIÇÕES EM TREINAMENTOS EXTERNOS";"600,00"
"10/07/2014";"10/07/2014";"10/07/2014";"Ministério de Minas e Energia";"Petrobrás - Holding";"PETROLEO BRASILEIRO S/A";"Sem Informação";"Outros";"56972/2014";"Fechado";"INSCRIÇÕES EM TREINAMENTOS EXTERNOS";"622,80"
"09/07/2014";"09/07/2014";"08/04/2015";"Ministério da Defesa";"Comando da Marinha";"DIRETORIA DE PORTOS E COSTAS";"Sem Informação";"Outros";"7/2014";"Fechado";"Contratação de serviços para elaborar,coordenar e ministrar um Curso de Pós-Graduação,em gestão portuária.";"600.000,00"
"07/07/2014";"07/07/2014";"06/09/2014";"Ministério da Educação";"Universidade Federal de Santa Maria";"UNIVERSIDADE FEDERAL DE SANTA MARIA";"Dispensa de Licitação";"Serviços";"81/2014";"Publicado";"Pretação de serviço de analise qualitativa da operação da unidade descentralizada de Silceira Martins.";"170.000,00"
"03/07/2014";"03/07/2014";"03/07/2014";"Ministério de Minas e Energia";"Petrobrás - Holding";"PETROLEO BRASILEIRO S/A";"Sem Informação";"Outros";"51405/2014";"Fechado";"INSCRIÇÕES EM TREINAMENTOS EXTERNOS";"50.000,00"
"02/07/2014";"02/07/2014";"02/07/2014";"Ministério de Minas e Energia";"Petrobrás - Holding";"PETROLEO BRASILEIRO S/A";"Sem Informação";"Outros";"47706/2014";"Fechado";"INSCRIÇÕES EM TREINAMENTOS EXTERNOS";"24.541,01"
"02/07/2014";"02/07/2014";"02/07/2014";"Ministério de Minas e Energia";"Petrobrás - Holding";"PETROLEO BRASILEIRO S/A";"Sem Informação";"Outros";"47711/2014";"Fechado";"INSCRIÇÕES EM TREINAMENTOS EXTERNOS";"24.541,01"
"02/07/2014";"02/07/2014";"02/07/2014";"Ministério de Minas e Energia";"Petrobrás - Holding";"PETROLEO BRASILEIRO S/A";"Sem Informação";"Outros";"47709/2014";"Fechado";"INSCRIÇÕES EM TREINAMENTOS EXTERNOS";"24.541,01"
"02/07/2014";"02/07/2014";"02/07/2014";"Ministério de Minas e Energia";"Petrobrás - Holding";"PETROLEO BRASILEIRO S/A";"Sem Informação";"Outros";"50067/2014";"Fechado";"INSCRIÇÕES EM TREINAMENTOS EXTERNOS";"24.291,00"
"01/07/2014";"01/07/2014";"31/07/2014";"Ministério de Minas e Energia";"Petrobrás - Holding";"PETROLEO BRASILEIRO S/A";"Sem Informação";"Outros";"91873/2014";"Fechado";"INSCRIÇÕES EM TREINAMENTOS EXTERNOS";"16.500,00"
"01/07/2014";"01/07/2014";"01/07/2014";"Ministério de Minas e Energia";"Petrobrás - Holding";"PETROLEO BRASILEIRO S/A";"Sem Informação";"Outros";"51401/2014";"Fechado";"INSCRIÇÕES EM TREINAMENTOS EXTERNOS";"1.977,00"
"30/06/2014";"30/06/2014";"27/10/2014";"Ministério de Minas e Energia";"Petrobrás - Holding";"PETROLEO BRASILEIRO S/A";"Sem Informação";"Outros";"49586/2014";"Fechado";"SERVIÇOS DE CONSULTORIA";"221.000,00"
"30/06/2014";"30/06/2014";"29/05/2016";"Ministério da Justiça e Segurança Pública";"Polícia Rodoviária Federal";"SUPERINTENDENCIA REG. POL. RODV. FEDERAL-MS";"Dispensa de Licitação";"Serviços";"18/2014";"Publicado";"Contratação de empresa especializada em curso de pós graduação MBA Executivo em Gestão Pública.";"26.201,00"
"12/06/2014";"12/06/2014";"12/06/2014";"Ministério de Minas e Energia";"Petrobrás - Holding";"PETROLEO BRASILEIRO S/A";"Sem Informação";"Outros";"5212/2014";"Fechado";"INSCRIÇÕES EM TREINAMENTOS EXTERNOS";"18.285,51"
"10/06/2014";"10/06/2014";"10/07/2014";"Ministério das Cidades";"Empresa de Trens Urbanos de Porto Alegre";"EMPRESA DE TRENS URBANOS DE PORTO ALEGRE S/A";"Sem Informação";"Outros";"37753/2014";"Fechado";"Renovação licenciamento de uso do banco de dados denominado FGVDADOS.";"5.651,87"
"10/06/2014";"10/06/2014";"10/06/2014";"Ministério de Minas e Energia";"Petrobrás - Holding";"PETROLEO BRASILEIRO S/A";"Sem Informação";"Outros";"98626/2014";"Fechado";"INSCRIÇÕES EM TREINAMENTOS EXTERNOS";"622,80"
"09/06/2014";"09/06/2014";"09/06/2014";"Ministério de Minas e Energia";"Petrobrás - Holding";"PETROLEO BRASILEIRO S/A";"Sem Informação";"Outros";"98629/2014";"Fechado";"INSCRIÇÕES EM TREINAMENTOS EXTERNOS";"692,00"
"05/06/2014";"05/06/2014";"05/06/2014";"Ministério de Minas e Energia";"Petrobrás - Holding";"PETROLEO BRASILEIRO S/A";"Sem Informação";"Outros";"78430/2014";"Fechado";"INSCRIÇÕES EM TREINAMENTOS EXTERNOS";"18.970,01"
"05/06/2014";"05/06/2014";"05/06/2014";"Ministério de Minas e Energia";"Petrobrás - Holding";"PETROLEO BRASILEIRO S/A";"Sem Informação";"Outros";"93389/2014";"Fechado";"INSCRIÇÕES EM TREINAMENTOS EXTERNOS";"18.285,51"
"04/06/2014";"04/06/2014";"04/06/2014";"Ministério de Minas e Energia";"Petrobrás - Holding";"PETROLEO BRASILEIRO S/A";"Sem Informação";"Outros";"89357/2014";"Fechado";"INSCRIÇÕES EM TREINAMENTOS EXTERNOS";"874,79"
"04/06/2014";"04/06/2014";"04/06/2014";"Ministério de Minas e Energia";"Petrobrás - Holding";"PETROLEO BRASILEIRO S/A";"Sem Informação";"Outros";"90982/2014";"Fechado";"INSCRIÇÕES EM TREINAMENTOS EXTERNOS";"692,00"
"04/06/2014";"04/06/2014";"04/06/2014";"Ministério de Minas e Energia";"Petrobrás - Holding";"PETROLEO BRASILEIRO S/A";"Sem Informação";"Outros";"6194/2014";"Fechado";"INSCRIÇÕES EM TREINAMENTOS EXTERNOS";"1.760,00"
"04/06/2014";"04/06/2014";"04/06/2014";"Ministério de Minas e Energia";"Petrobrás - Holding";"PETROLEO BRASILEIRO S/A";"Sem Informação";"Outros";"93382/2014";"Fechado";"INSCRIÇÕES EM TREINAMENTOS EXTERNOS";"18.285,51"
"04/06/2014";"04/06/2014";"04/06/2014";"Ministério de Minas e Energia";"Petrobrás - Holding";"PETROLEO BRASILEIRO S/A";"Sem Informação";"Outros";"7225/2014";"Fechado";"INSCRIÇÕES EM TREINAMENTOS EXTERNOS";"21.888,00"
"04/06/2014";"04/06/2014";"04/06/2014";"Ministério de Minas e Energia";"Petrobrás - Holding";"PETROLEO BRASILEIRO S/A";"Sem Informação";"Outros";"95599/2014";"Fechado";"INSCRIÇÕES EM TREINAMENTOS EXTERNOS";"18.285,51"
"04/06/2014";"04/06/2014";"04/06/2014";"Ministério de Minas e Energia";"Petrobrás - Holding";"PETROLEO BRASILEIRO S/A";"Sem Informação";"Outros";"93388/2014";"Fechado";"INSCRIÇÕES EM TREINAMENTOS EXTERNOS";"18.285,51"
"04/06/2014";"04/06/2014";"04/06/2014";"Ministério de Minas e Energia";"Petrobrás - Holding";"PETROLEO BRASILEIRO S/A";"Sem Informação";"Outros";"89356/2014";"Fechado";"INSCRIÇÕES EM TREINAMENTOS EXTERNOS";"972,00"
"04/06/2014";"04/06/2014";"04/06/2014";"Ministério de Minas e Energia";"Petrobrás - Holding";"PETROLEO BRASILEIRO S/A";"Sem Informação";"Outros";"95579/2014";"Fechado";"INSCRIÇÕES EM TREINAMENTOS EXTERNOS";"18.285,51"
"03/06/2014";"03/06/2014";"03/06/2014";"Ministério de Minas e Energia";"Petrobrás - Holding";"PETROLEO BRASILEIRO S/A";"Sem Informação";"Outros";"3727/2014";"Fechado";"INSCRIÇÕES EM TREINAMENTOS EXTERNOS";"24.541,01"
"03/06/2014";"03/06/2014";"03/06/2014";"Ministério de Minas e Energia";"Petrobrás - Holding";"PETROLEO BRASILEIRO S/A";"Sem Informação";"Outros";"92098/2014";"Fechado";"INSCRIÇÕES EM TREINAMENTOS EXTERNOS";"24.615,63"
"02/06/2014";"02/06/2014";"02/06/2014";"Ministério de Minas e Energia";"Petrobrás - Holding";"PETROLEO BRASILEIRO S/A";"Sem Informação";"Outros";"90994/2014";"Fechado";"INSCRIÇÕES EM TREINAMENTOS EXTERNOS";"19.000,00"
"02/06/2014";"02/06/2014";"02/06/2014";"Ministério de Minas e Energia";"Petrobrás - Holding";"PETROLEO BRASILEIRO S/A";"Sem Informação";"Outros";"90993/2014";"Fechado";"INSCRIÇÕES EM TREINAMENTOS EXTERNOS";"17.992,00"
"28/05/2014";"28/05/2014";"28/05/2014";"Ministério de Minas e Energia";"Petrobrás - Holding";"PETROLEO BRASILEIRO S/A";"Sem Informação";"Outros";"62458/2014";"Fechado";"INSCRIÇÕES EM TREINAMENTOS EXTERNOS";"20.498,99"
"23/05/2014";"23/05/2014";"23/05/2015";"Ministério da Educação";"Colégio Pedro II";"COLEGIO PEDRO II";"Dispensa de Licitação";"Serviços";"13/2014";"Retificação - Publicado";"O presente contrato tem por objeto prestar assessoria técnica para desenvolvimento institucional do Colégio Pedro II - CPII, conformeproposta da contratada - FG";"1.350.000,00"
"22/05/2014";"22/05/2014";"21/05/2015";"Ministério de Minas e Energia";"Petrobrás - Holding";"PETROBRAS TRANSPORTE S.A.";"Sem Informação";"Outros";"7523/2014";"Fechado";"Análise da conjuntura e projeção de cenáRIOS DE MÉDIO E LONGO PRAZO PARA O BRASIL COM ÊNFASE NO SETOR DE PETRÓLEO";"130.340,00"
"15/05/2014";"15/05/2014";"15/05/2014";"Ministério de Minas e Energia";"Petrobrás - Holding";"PETROLEO BRASILEIRO S/A";"Sem Informação";"Outros";"46351/2014";"Fechado";"INSCRIÇÕES EM TREINAMENTOS EXTERNOS";"26.093,98"
"15/05/2014";"15/05/2014";"15/05/2014";"Ministério de Minas e Energia";"Petrobrás - Holding";"PETROLEO BRASILEIRO S/A";"Sem Informação";"Outros";"47372/2014";"Fechado";"INSCRIÇÕES EM TREINAMENTOS EXTERNOS";"18.285,51"
"15/05/2014";"15/05/2014";"15/05/2014";"Ministério de Minas e Energia";"Petrobrás - Holding";"PETROLEO BRASILEIRO S/A";"Sem Informação";"Outros";"47474/2014";"Fechado";"INSCRIÇÕES EM TREINAMENTOS EXTERNOS";"17.200,00"
"15/05/2014";"15/05/2014";"15/05/2014";"Ministério de Minas e Energia";"Petrobrás - Holding";"PETROLEO BRASILEIRO S/A";"Sem Informação";"Outros";"47373/2014";"Fechado";"INSCRIÇÕES EM TREINAMENTOS EXTERNOS";"26.093,98"
"14/05/2014";"14/05/2014";"17/05/2014";"Ministério de Minas e Energia";"Petrobrás - Holding";"PETROLEO BRASILEIRO S/A";"Sem Informação";"Outros";"33824/2014";"Fechado";"INSCRIÇÕES EM TREINAMENTOS EXTERNOS";"1.190,01"
"14/05/2014";"14/05/2014";"14/05/2014";"Ministério de Minas e Energia";"Petrobrás - Holding";"PETROLEO BRASILEIRO S/A";"Sem Informação";"Outros";"34703/2014";"Fechado";"ASSINATURA JORNAIS, REVIST.ACESSO ELETR.";"130,01"
"14/05/2014";"14/05/2014";"14/05/2014";"Ministério de Minas e Energia";"Petrobrás - Holding";"PETROLEO BRASILEIRO S/A";"Sem Informação";"Outros";"34704/2014";"Fechado";"ASSINATURA JORNAIS, REVIST.ACESSO ELETR.";"130,01"
"12/05/2014";"12/05/2014";"12/05/2014";"Ministério de Minas e Energia";"Petrobrás - Holding";"PETROLEO BRASILEIRO S/A";"Sem Informação";"Outros";"35721/2014";"Fechado";"INSCRIÇÕES EM TREINAMENTOS EXTERNOS";"880,00"
"12/05/2014";"12/05/2014";"12/05/2014";"Ministério de Minas e Energia";"Petrobrás - Holding";"PETROLEO BRASILEIRO S/A";"Sem Informação";"Outros";"44854/2014";"Fechado";"INSCRIÇÕES EM TREINAMENTOS EXTERNOS";"24.541,01"
"12/05/2014";"12/05/2014";"12/05/2014";"Ministério de Minas e Energia";"Petrobrás - Holding";"PETROLEO BRASILEIRO S/A";"Sem Informação";"Outros";"35723/2014";"Fechado";"INSCRIÇÕES EM TREINAMENTOS EXTERNOS";"2.600,00"
"12/05/2014";"12/05/2014";"12/05/2014";"Ministério de Minas e Energia";"Petrobrás - Holding";"PETROLEO BRASILEIRO S/A";"Sem Informação";"Outros";"42310/2014";"Fechado";"INSCRIÇÕES EM TREINAMENTOS EXTERNOS";"2.640,00"
"07/05/2014";"07/05/2014";"07/05/2014";"Ministério de Minas e Energia";"Petrobrás - Holding";"PETROLEO BRASILEIRO S/A";"Sem Informação";"Outros";"33930/2014";"Fechado";"INSCRIÇÕES EM TREINAMENTOS EXTERNOS";"21.732,00"
"07/05/2014";"07/05/2014";"07/05/2014";"Ministério de Minas e Energia";"Petrobrás - Holding";"PETROLEO BRASILEIRO S/A";"Sem Informação";"Outros";"35726/2014";"Fechado";"INSCRIÇÕES EM TREINAMENTOS EXTERNOS";"20.486,01"
"07/05/2014";"07/05/2014";"07/05/2014";"Ministério de Minas e Energia";"Petrobrás - Holding";"PETROLEO BRASILEIRO S/A";"Sem Informação";"Outros";"46896/2014";"Fechado";"INSCRIÇÕES EM TREINAMENTOS EXTERNOS";"24.291,00"
"07/05/2014";"07/05/2014";"07/05/2014";"Ministério de Minas e Energia";"Petrobrás - Holding";"PETROLEO BRASILEIRO S/A";"Sem Informação";"Outros";"43229/2014";"Fechado";"INSCRIÇÕES EM TREINAMENTOS EXTERNOS";"28.000,00"
"06/05/2014";"06/05/2014";"06/05/2014";"Ministério de Minas e Energia";"Petrobrás - Holding";"PETROLEO BRASILEIRO S/A";"Sem Informação";"Outros";"35912/2014";"Fechado";"INSCRIÇÕES EM TREINAMENTOS EXTERNOS";"22.510,01"
"06/05/2014";"06/05/2014";"06/05/2014";"Ministério de Minas e Energia";"Petrobrás - Holding";"PETROLEO BRASILEIRO S/A";"Sem Informação";"Outros";"33934/2014";"Fechado";"INSCRIÇÕES EM TREINAMENTOS EXTERNOS";"19.237,20"
"05/05/2014";"05/05/2014";"05/05/2014";"Ministério de Minas e Energia";"Petrobrás - Holding";"PETROLEO BRASILEIRO S/A";"Sem Informação";"Outros";"33448/2014";"Fechado";"INSCRIÇÕES EM TREINAMENTOS EXTERNOS";"28.843,00"
"01/05/2014";"01/05/2014";"31/05/2014";"Ministério de Minas e Energia";"Petrobrás - Holding";"PETROLEO BRASILEIRO S/A";"Sem Informação";"Outros";"86365/2014";"Fechado";"INSCRIÇÕES EM TREINAMENTOS EXTERNOS";"16.500,00"
"01/05/2014";"01/05/2014";"31/05/2014";"Ministério de Minas e Energia";"Petrobrás - Holding";"PETROLEO BRASILEIRO S/A";"Sem Informação";"Outros";"86363/2014";"Fechado";"INSCRIÇÕES EM TREINAMENTOS EXTERNOS";"16.500,00"
"01/05/2014";"01/05/2014";"31/05/2014";"Ministério de Minas e Energia";"Petrobrás - Holding";"PETROLEO BRASILEIRO S/A";"Sem Informação";"Outros";"86366/2014";"Fechado";"INSCRIÇÕES EM TREINAMENTOS EXTERNOS";"16.500,00"
"30/04/2014";"30/04/2014";"29/10/2014";"Ministério do Turismo";"Ministério do Turismo - Unidades com vínculo direto";"SUBSECRETARIA DE ADMINISTRACAO - SAD";"Dispensa de Licitação";"Serviços";"10/2014";"Publicado";"Realização de estudo para ""Caracterização e Dimensionamento do Impacto Econômico da Demanda Turística Doméstica na Copa do Mundo da FIFA no Brasil em 2014""";"890.000,00"
"28/04/2014";"28/04/2014";"20/11/2014";"Ministério da Defesa";"Comando do Exército";"ESCOLA DE CMDO E ESTADO-MAIOR DO EXERCITO";"Inexigibilidade de Licitação";"Serviços";"1/2014";"Publicado";"Contratação dos serviços educacionais da Fundação Getúlio Vargas, para Ministrar o Curso de Pós-Graduação, Lato-Sensu, nivel especialização, denominado";"550.000,00"
"24/04/2014";"24/04/2014";"24/04/2015";"Ministério da Integração e do Desenvolvimento Regional";"Companhia de Desenvolvimento dos Vales do São Francisco e do Parnaíba";"CIA DE DES.DOS VALES DO S.FRANC.E DO PARNAIBA";"Sem Informação";"Outros";"330/2014";"Fechado";"Prestação de serviços técnicos especializados para elaboração de estudos e mecanismosoperacionais e de gerenciamento que subsidiem aconstrução do modelo para g";"4.496.000,00"
"24/04/2014";"24/04/2014";"28/02/2016";"Ministério da Defesa";"Comando do Exército";"HOSPITAL CENTRAL DO EXERCITO";"Inexigibilidade de Licitação";"Serviços";"11/2014";"Publicado";"Contratação da Fundação Getúlio vargas - FGV para inscrição de Oficial Superior no Curso de Pós-Graduação MBA Executivo em Saúde.";"27.240,00"
"15/04/2014";"15/04/2014";"15/04/2014";"Ministério de Minas e Energia";"Petrobrás - Holding";"PETROLEO BRASILEIRO S/A";"Sem Informação";"Outros";"90009/2014";"Fechado";"INSCRIÇÕES EM TREINAMENTOS EXTERNOS";"23.004,00"
"14/04/2014";"14/04/2014";"14/04/2014";"Ministério de Minas e Energia";"Petrobrás - Holding";"PETROLEO BRASILEIRO S/A";"Sem Informação";"Outros";"84749/2014";"Fechado";"INSCRIÇÕES EM TREINAMENTOS EXTERNOS";"17.992,00"
"11/04/2014";"11/04/2014";"11/04/2014";"Ministério de Minas e Energia";"Petrobrás - Holding";"PETROLEO BRASILEIRO S/A";"Sem Informação";"Outros";"89839/2014";"Fechado";"INSCRIÇÕES EM TREINAMENTOS EXTERNOS";"11.604,50"
"11/04/2014";"11/04/2014";"11/04/2014";"Ministério de Minas e Energia";"Petrobrás - Holding";"PETROLEO BRASILEIRO S/A";"Sem Informação";"Outros";"89507/2014";"Fechado";"INSCRIÇÕES EM TREINAMENTOS EXTERNOS";"24.541,01"
"07/04/2014";"07/04/2014";"07/04/2014";"Ministério de Minas e Energia";"Petrobrás - Holding";"PETROLEO BRASILEIRO S/A";"Sem Informação";"Outros";"84629/2014";"Fechado";"INSCRIÇÕES EM TREINAMENTOS EXTERNOS";"24.541,01"
"04/04/2014";"04/04/2014";"04/04/2014";"Ministério de Minas e Energia";"Petrobrás - Holding";"PETROLEO BRASILEIRO S/A";"Sem Informação";"Outros";"89677/2014";"Fechado";"INSCRIÇÕES EM TREINAMENTOS EXTERNOS";"25.560,00"
"03/04/2014";"03/04/2014";"03/04/2014";"Ministério de Minas e Energia";"Petrobrás - Holding";"PETROLEO BRASILEIRO S/A";"Sem Informação";"Outros";"77252/2014";"Fechado";"INSCRIÇÕES EM TREINAMENTOS EXTERNOS";"600,00"
"03/04/2014";"03/04/2014";"03/04/2014";"Ministério de Minas e Energia";"Petrobrás - Holding";"PETROLEO BRASILEIRO S/A";"Sem Informação";"Outros";"77255/2014";"Fechado";"INSCRIÇÕES EM TREINAMENTOS EXTERNOS";"600,00"
"03/04/2014";"03/04/2014";"03/04/2014";"Ministério de Minas e Energia";"Petrobrás - Holding";"PETROLEO BRASILEIRO S/A";"Sem Informação";"Outros";"80116/2014";"Fechado";"INSCRIÇÕES EM TREINAMENTOS EXTERNOS";"600,00"
"03/04/2014";"03/04/2014";"03/04/2014";"Ministério de Minas e Energia";"Petrobrás - Holding";"PETROLEO BRASILEIRO S/A";"Sem Informação";"Outros";"77251/2014";"Fechado";"INSCRIÇÕES EM TREINAMENTOS EXTERNOS";"600,00"
"03/04/2014";"03/04/2014";"03/04/2014";"Ministério de Minas e Energia";"Petrobrás - Holding";"PETROLEO BRASILEIRO S/A";"Sem Informação";"Outros";"79852/2014";"Fechado";"INSCRIÇÕES EM TREINAMENTOS EXTERNOS";"19.640,00"
"03/04/2014";"03/04/2014";"03/04/2014";"Ministério de Minas e Energia";"Petrobrás - Holding";"PETROLEO BRASILEIRO S/A";"Sem Informação";"Outros";"77253/2014";"Fechado";"INSCRIÇÕES EM TREINAMENTOS EXTERNOS";"600,00"
"03/04/2014";"03/04/2014";"03/04/2014";"Ministério de Minas e Energia";"Petrobrás - Holding";"PETROLEO BRASILEIRO S/A";"Sem Informação";"Outros";"80118/2014";"Fechado";"INSCRIÇÕES EM TREINAMENTOS EXTERNOS";"600,00"
"02/04/2014";"02/04/2014";"01/04/2015";"Ministério de Minas e Energia";"Empresa de Pesquisa Energética";"EMPRESA DE PESQUISA ENERGETICA";"Sem Informação";"Outros";"3/2014";"Fechado";"Consultoria para pesquisa e fornecimento de preços para alimentação do banco de dados SISORH.";"449.600,00"
"02/04/2014";"02/04/2014";"02/04/2014";"Ministério de Minas e Energia";"Petrobrás - Holding";"PETROLEO BRASILEIRO S/A";"Sem Informação";"Outros";"87653/2014";"Fechado";"INSCRIÇÕES EM TREINAMENTOS EXTERNOS";"24.541,01"
"02/04/2014";"02/04/2014";"02/04/2014";"Ministério de Minas e Energia";"Petrobrás - Holding";"PETROLEO BRASILEIRO S/A";"Sem Informação";"Outros";"89678/2014";"Fechado";"INSCRIÇÕES EM TREINAMENTOS EXTERNOS";"24.541,01"
"02/04/2014";"02/04/2014";"02/04/2014";"Ministério de Minas e Energia";"Petrobrás - Holding";"PETROLEO BRASILEIRO S/A";"Sem Informação";"Outros";"89676/2014";"Fechado";"INSCRIÇÕES EM TREINAMENTOS EXTERNOS";"25.091,97"
"02/04/2014";"02/04/2014";"02/04/2014";"Ministério de Minas e Energia";"Petrobrás - Holding";"PETROLEO BRASILEIRO S/A";"Sem Informação";"Outros";"89682/2014";"Fechado";"INSCRIÇÕES EM TREINAMENTOS EXTERNOS";"24.541,01"
"02/04/2014";"02/04/2014";"02/04/2014";"Ministério de Minas e Energia";"Empresas de Energia";"CIA. HIDROELETRICA DO SAO FRANCISCO S/A";"Sem Informação";"Outros";"613/2014";"Pendente";"ContratonCCNE922014093000Licitacaon922014093000RenovacaodolicenciamentodeusodobancodedadosFGVDadoscomacessoilimitado";"5.170,55"
"01/04/2014";"01/04/2014";"01/04/2014";"Ministério de Minas e Energia";"Petrobrás - Holding";"PETROLEO BRASILEIRO S/A";"Sem Informação";"Outros";"88935/2014";"Fechado";"INSCRIÇÕES EM TREINAMENTOS EXTERNOS";"24.541,01"
"01/04/2014";"01/04/2014";"01/04/2014";"Ministério de Minas e Energia";"Petrobrás - Holding";"PETROLEO BRASILEIRO S/A";"Sem Informação";"Outros";"89681/2014";"Fechado";"INSCRIÇÕES EM TREINAMENTOS EXTERNOS";"24.541,01"
"01/04/2014";"01/04/2014";"01/04/2014";"Ministério de Minas e Energia";"Petrobrás - Holding";"PETROLEO BRASILEIRO S/A";"Sem Informação";"Outros";"81474/2014";"Fechado";"INSCRIÇÕES EM TREINAMENTOS EXTERNOS";"600,00"
"01/04/2014";"01/04/2014";"01/04/2014";"Ministério de Minas e Energia";"Petrobrás - Holding";"PETROLEO BRASILEIRO S/A";"Sem Informação";"Outros";"81478/2014";"Fechado";"INSCRIÇÕES EM TREINAMENTOS EXTERNOS";"18.285,51"
"31/03/2014";"31/03/2014";"02/05/2016";"Ministério da Saúde";"Fundação Nacional de Saúde";"FUNDACAO NACIONAL DE SAUDE - DF";"Inexigibilidade de Licitação";"Serviços";"12/2014";"Publicado";"Constitui objeto de presente Contrato,a prestação de serviços educacionais,pela Contratada,de curso MBA em Planejamento,Orçamento e Gestão Pública,com carga hor";"28.330,00"
"28/03/2014";"28/03/2014";"28/03/2014";"Ministério de Minas e Energia";"Petrobrás - Holding";"PETROLEO BRASILEIRO S/A";"Sem Informação";"Outros";"45582/2014";"Fechado";"INSCRIÇÕES EM TREINAMENTOS EXTERNOS";"19.990,01"
"27/03/2014";"27/03/2014";"28/07/2014";"Ministério de Minas e Energia";"Petrobrás - Holding";"PETROLEO BRASILEIRO S/A";"Sem Informação";"Outros";"64171/2014";"Fechado";"INSCRIÇÕES EM TREINAMENTOS EXTERNOS";"16.155,00"
"20/03/2014";"20/03/2014";"21/03/2014";"Ministério de Minas e Energia";"Petrobrás - Holding";"PETROLEO BRASILEIRO S/A";"Sem Informação";"Outros";"46698/2014";"Fechado";"INSCRIÇÕES EM TREINAMENTOS EXTERNOS";"8.780,44"
"17/03/2014";"17/03/2014";"18/03/2014";"Ministério de Minas e Energia";"Petrobrás - Holding";"PETROLEO BRASILEIRO S/A";"Sem Informação";"Outros";"43605/2014";"Fechado";"INSCRIÇÕES EM TREINAMENTOS EXTERNOS";"17.992,00"
"17/03/2014";"17/03/2014";"18/03/2014";"Ministério de Minas e Energia";"Petrobrás - Holding";"PETROLEO BRASILEIRO S/A";"Sem Informação";"Outros";"43614/2014";"Fechado";"INSCRIÇÕES EM TREINAMENTOS EXTERNOS";"17.992,00"
"17/03/2014";"17/03/2014";"18/03/2014";"Ministério de Minas e Energia";"Petrobrás - Holding";"PETROLEO BRASILEIRO S/A";"Sem Informação";"Outros";"43600/2014";"Fechado";"INSCRIÇÕES EM TREINAMENTOS EXTERNOS";"17.992,00"
"17/03/2014";"17/03/2014";"18/03/2014";"Ministério de Minas e Energia";"Petrobrás - Holding";"PETROLEO BRASILEIRO S/A";"Sem Informação";"Outros";"43608/2014";"Fechado";"INSCRIÇÕES EM TREINAMENTOS EXTERNOS";"14.133,26"
"14/03/2014";"14/03/2014";"14/03/2014";"Ministério de Minas e Energia";"Petrobrás - Holding";"PETROLEO BRASILEIRO S/A";"Sem Informação";"Outros";"30503/2014";"Fechado";"INSCRIÇÕES EM TREINAMENTOS EXTERNOS";"17.200,00"
"14/03/2014";"14/03/2014";"14/03/2014";"Ministério de Minas e Energia";"Petrobrás - Holding";"PETROLEO BRASILEIRO S/A";"Sem Informação";"Outros";"30469/2014";"Fechado";"INSCRIÇÕES EM TREINAMENTOS EXTERNOS";"18.970,01"
"14/03/2014";"14/03/2014";"14/03/2014";"Ministério de Minas e Energia";"Petrobrás - Holding";"PETROLEO BRASILEIRO S/A";"Sem Informação";"Outros";"30492/2014";"Fechado";"INSCRIÇÕES EM TREINAMENTOS EXTERNOS";"19.900,00"
"14/03/2014";"14/03/2014";"14/03/2014";"Ministério de Minas e Energia";"Petrobrás - Holding";"PETROLEO BRASILEIRO S/A";"Sem Informação";"Outros";"39282/2014";"Fechado";"INSCRIÇÕES EM TREINAMENTOS EXTERNOS";"17.300,00"
"14/03/2014";"14/03/2014";"14/03/2014";"Ministério de Minas e Energia";"Petrobrás - Holding";"PETROLEO BRASILEIRO S/A";"Sem Informação";"Outros";"30511/2014";"Fechado";"INSCRIÇÕES EM TREINAMENTOS EXTERNOS";"19.900,00"
"13/03/2014";"13/03/2014";"03/12/2015";"Ministério de Minas e Energia";"Petrobrás - Holding";"PETROLEO BRASILEIRO S/A";"Sem Informação";"Outros";"31663/2014";"Fechado";"SERVIÇOS TÉCNICOS PROFISSIONAIS ESPECIALIZADOS, PARA DESENVOLVIMENTO DE ÍNDICE DE PREÇOS PARA SERVIÇOS DE POÇOS";"498.000,00"
"11/03/2014";"11/03/2014";"12/03/2014";"Ministério de Minas e Energia";"Petrobrás - Holding";"PETROLEO BRASILEIRO S/A";"Sem Informação";"Outros";"29137/2014";"Fechado";"INSCRIÇÕES EM TREINAMENTOS EXTERNOS";"17.992,00"
"10/03/2014";"10/03/2014";"10/03/2014";"Ministério de Minas e Energia";"Petrobrás - Holding";"PETROLEO BRASILEIRO S/A";"Sem Informação";"Outros";"37881/2014";"Fechado";"INSCRIÇÕES EM TREINAMENTOS EXTERNOS";"5.507,00"
"10/03/2014";"10/03/2014";"10/03/2014";"Ministério de Minas e Energia";"Petrobrás - Holding";"PETROLEO BRASILEIRO S/A";"Sem Informação";"Outros";"37880/2014";"Fechado";"INSCRIÇÕES EM TREINAMENTOS EXTERNOS";"5.507,00"
"10/03/2014";"10/03/2014";"10/03/2014";"Ministério de Minas e Energia";"Petrobrás - Holding";"PETROLEO BRASILEIRO S/A";"Sem Informação";"Outros";"37882/2014";"Fechado";"INSCRIÇÕES EM TREINAMENTOS EXTERNOS";"1.997,00"
"10/03/2014";"10/03/2014";"10/03/2014";"Ministério de Minas e Energia";"Petrobrás - Holding";"PETROLEO BRASILEIRO S/A";"Sem Informação";"Outros";"32842/2014";"Fechado";"INSCRIÇÕES EM TREINAMENTOS EXTERNOS";"33.120,00"
"07/03/2014";"07/03/2014";"07/03/2014";"Ministério de Minas e Energia";"Petrobrás - Holding";"PETROLEO BRASILEIRO S/A";"Sem Informação";"Outros";"29701/2014";"Fechado";"INSCRIÇÕES EM TREINAMENTOS EXTERNOS";"19.997,00"
"06/03/2014";"06/03/2014";"07/03/2014";"Ministério de Minas e Energia";"Petrobrás - Holding";"PETROLEO BRASILEIRO S/A";"Sem Informação";"Outros";"29138/2014";"Fechado";"INSCRIÇÕES EM TREINAMENTOS EXTERNOS";"24.541,01"
"06/03/2014";"06/03/2014";"06/03/2014";"Ministério de Minas e Energia";"Petrobrás - Holding";"PETROLEO BRASILEIRO S/A";"Sem Informação";"Outros";"34386/2014";"Fechado";"INSCRIÇÕES EM TREINAMENTOS EXTERNOS";"24.291,00"
"06/03/2014";"06/03/2014";"06/03/2014";"Ministério de Minas e Energia";"Petrobrás - Holding";"PETROLEO BRASILEIRO S/A";"Sem Informação";"Outros";"29524/2014";"Fechado";"INSCRIÇÕES EM TREINAMENTOS EXTERNOS";"24.251,00"
"06/03/2014";"06/03/2014";"06/03/2014";"Ministério de Minas e Energia";"Petrobrás - Holding";"PETROLEO BRASILEIRO S/A";"Sem Informação";"Outros";"30183/2014";"Fechado";"INSCRIÇÕES EM TREINAMENTOS EXTERNOS";"18.500,00"
"06/03/2014";"06/03/2014";"06/03/2014";"Ministério de Minas e Energia";"Petrobrás - Holding";"PETROLEO BRASILEIRO S/A";"Sem Informação";"Outros";"34385/2014";"Fechado";"INSCRIÇÕES EM TREINAMENTOS EXTERNOS";"20.712,00"
"25/02/2014";"25/02/2014";"26/02/2014";"Ministério de Minas e Energia";"Petrobrás - Holding";"PETROLEO BRASILEIRO S/A";"Sem Informação";"Outros";"19649/2014";"Fechado";"INSCRIÇÕES EM TREINAMENTOS EXTERNOS";"17.992,00"
"25/02/2014";"25/02/2014";"26/02/2014";"Ministério de Minas e Energia";"Petrobrás - Holding";"PETROLEO BRASILEIRO S/A";"Sem Informação";"Outros";"19643/2014";"Fechado";"INSCRIÇÕES EM TREINAMENTOS EXTERNOS";"17.992,00"
"25/02/2014";"25/02/2014";"26/02/2014";"Ministério de Minas e Energia";"Petrobrás - Holding";"PETROLEO BRASILEIRO S/A";"Sem Informação";"Outros";"19652/2014";"Fechado";"INSCRIÇÕES EM TREINAMENTOS EXTERNOS";"17.992,00"
"25/02/2014";"25/02/2014";"26/02/2014";"Ministério de Minas e Energia";"Petrobrás - Holding";"PETROLEO BRASILEIRO S/A";"Sem Informação";"Outros";"19650/2014";"Fechado";"INSCRIÇÕES EM TREINAMENTOS EXTERNOS";"17.300,00"
"25/02/2014";"25/02/2014";"26/02/2014";"Ministério de Minas e Energia";"Petrobrás - Holding";"PETROLEO BRASILEIRO S/A";"Sem Informação";"Outros";"19646/2014";"Fechado";"INSCRIÇÕES EM TREINAMENTOS EXTERNOS";"17.992,00"
"10/02/2014";"10/02/2014";"10/02/2014";"Ministério de Minas e Energia";"Petrobrás - Holding";"PETROLEO BRASILEIRO S/A";"Sem Informação";"Outros";"89723/2014";"Fechado";"INSCRIÇÕES EM TREINAMENTOS EXTERNOS";"23.975,00"
"10/02/2014";"10/02/2014";"10/02/2014";"Ministério de Minas e Energia";"Petrobrás - Holding";"PETROLEO BRASILEIRO S/A";"Sem Informação";"Outros";"89724/2014";"Fechado";"INSCRIÇÕES EM TREINAMENTOS EXTERNOS";"23.975,00"
"10/02/2014";"10/02/2014";"10/02/2014";"Ministério de Minas e Energia";"Petrobrás - Holding";"PETROLEO BRASILEIRO S/A";"Sem Informação";"Outros";"91099/2014";"Fechado";"INSCRIÇÕES EM TREINAMENTOS EXTERNOS";"50.000,00"
"10/02/2014";"10/02/2014";"10/02/2014";"Ministério de Minas e Energia";"Petrobrás - Holding";"PETROLEO BRASILEIRO S/A";"Sem Informação";"Outros";"91098/2014";"Fechado";"INSCRIÇÕES EM TREINAMENTOS EXTERNOS";"50.000,00"
"10/02/2014";"10/02/2014";"10/02/2014";"Ministério de Minas e Energia";"Petrobrás - Holding";"PETROLEO BRASILEIRO S/A";"Sem Informação";"Outros";"91097/2014";"Fechado";"INSCRIÇÕES EM TREINAMENTOS EXTERNOS";"50.000,00"
"10/02/2014";"10/02/2014";"30/05/2014";"Ministério da Defesa";"Comando da Aeronáutica";"DEPARTAMENTO DE CONTROLE DO ESPACO AEREO";"Inexigibilidade de Licitação";"Outros";"61/2013";"Publicado";"Curso de extensão em Gerenciamento de Projetos.";"104.010,00"
"06/02/2014";"07/02/2014";"06/02/2015";"Ministério da Defesa";"Comando do Exército";"PARQUE REGIONAL DE MANUTENCAO/10";"Inexigibilidade de Licitação";"Outros";"1/2014";"Publicado";"Prestação de serviço de trinamento na área de gestão, curso de especialização, pós - graduação,MBA-Master of Business Administration";"151.200,00"
"06/02/2014";"14/05/2014";"13/05/2015";"Ministério da Saúde";"Ministério da Saúde - Unidades com vínculo direto";"INSTITUTO NACIONAL DO CANCER - RJ";"Inexigibilidade de Licitação";"Serviços";"33/2014";"Publicado";"Serviços especializados para ministrar curso de desenvolvimento gerencial para profissionais do INCA.";"270.000,00"
"05/02/2014";"05/02/2014";"05/02/2014";"Ministério de Minas e Energia";"Petrobrás - Holding";"PETROLEO BRASILEIRO S/A";"Sem Informação";"Outros";"87072/2014";"Fechado";"INSCRIÇÕES EM TREINAMENTOS EXTERNOS";"1.440,00"
"03/02/2014";"03/02/2014";"03/02/2014";"Ministério de Minas e Energia";"Petrobrás - Holding";"PETROLEO BRASILEIRO S/A";"Sem Informação";"Outros";"82710/2014";"Fechado";"INSCRIÇÕES EM TREINAMENTOS EXTERNOS";"11.130,97"
"03/02/2014";"03/02/2014";"03/02/2014";"Ministério de Minas e Energia";"Petrobrás - Holding";"PETROLEO BRASILEIRO S/A";"Sem Informação";"Outros";"86033/2014";"Fechado";"INSCRIÇÕES EM TREINAMENTOS EXTERNOS";"18.500,00"
"03/02/2014";"03/02/2014";"03/02/2014";"Ministério de Minas e Energia";"Petrobrás - Holding";"PETROLEO BRASILEIRO S/A";"Sem Informação";"Outros";"87791/2014";"Fechado";"INSCRIÇÕES EM TREINAMENTOS EXTERNOS";"3.997,13"
"03/02/2014";"03/02/2014";"03/02/2014";"Ministério de Minas e Energia";"Petrobrás - Holding";"PETROLEO BRASILEIRO S/A";"Sem Informação";"Outros";"85737/2014";"Fechado";"INSCRIÇÕES EM TREINAMENTOS EXTERNOS";"18.500,00"
"01/02/2014";"01/02/2014";"05/02/2014";"Ministério de Minas e Energia";"Petrobrás - Holding";"PETROLEO BRASILEIRO S/A";"Sem Informação";"Outros";"20054/2014";"Fechado";"INSCRIÇÕES EM TREINAMENTOS EXTERNOS";"16.500,00"
"15/01/2014";"15/01/2014";"15/12/2014";"Ministério de Minas e Energia";"Petrobrás - Holding";"PETROLEO BRASILEIRO S/A";"Sem Informação";"Outros";"92911/2015";"Fechado";"INSCRIÇÕES EM TREINAMENTOS EXTERNOS";"11.866,01"
"13/01/2014";"13/01/2014";"13/01/2014";"Ministério de Minas e Energia";"Petrobrás - Holding";"PETROLEO BRASILEIRO S/A";"Sem Informação";"Outros";"34009/2014";"Fechado";"INSCRIÇÕES EM TREINAMENTOS EXTERNOS";"39.558,78"
"07/01/2014";"07/01/2014";"07/01/2014";"Ministério de Minas e Energia";"Petrobrás - Holding";"PETROLEO BRASILEIRO S/A";"Sem Informação";"Outros";"23860/2014";"Fechado";"TREINAMENTO DE PÚBLICO EXTERNO";"1.977,00"
"07/01/2014";"07/01/2014";"07/01/2014";"Ministério de Minas e Energia";"Petrobrás - Holding";"PETROLEO BRASILEIRO S/A";"Sem Informação";"Outros";"30551/2014";"Fechado";"INSCRIÇÕES EM TREINAMENTOS EXTERNOS";"1.440,00"
"07/01/2014";"07/01/2014";"07/01/2014";"Ministério de Minas e Energia";"Petrobrás - Holding";"PETROLEO BRASILEIRO S/A";"Sem Informação";"Outros";"42495/2014";"Fechado";"INSCRIÇÕES EM TREINAMENTOS EXTERNOS";"1.440,00"
"07/01/2014";"07/01/2014";"07/01/2014";"Ministério de Minas e Energia";"Petrobrás - Holding";"PETROLEO BRASILEIRO S/A";"Sem Informação";"Outros";"24738/2014";"Fechado";"INSCRIÇÕES EM TREINAMENTOS EXTERNOS";"5.507,00"
"06/01/2014";"06/01/2014";"06/01/2014";"Ministério de Minas e Energia";"Petrobrás - Holding";"PETROLEO BRASILEIRO S/A";"Sem Informação";"Outros";"30554/2014";"Fechado";"INSCRIÇÕES EM TREINAMENTOS EXTERNOS";"23.433,00"
"02/01/2014";"02/01/2014";"02/01/2014";"Ministério de Minas e Energia";"Petrobrás - Holding";"PETROLEO BRASILEIRO S/A";"Sem Informação";"Outros";"26999/2014";"Fechado";"INSCRIÇÕES EM TREINAMENTOS EXTERNOS";"692,00"
"01/01/2014";"01/01/2014";"01/12/2015";"Ministério de Minas e Energia";"Petrobrás - Holding";"PETROLEO BRASILEIRO S/A";"Sem Informação";"Outros";"94643/2015";"Fechado";"INSCRIÇÕES EM TREINAMENTOS EXTERNOS";"17.817,22"
"01/01/2014";"01/01/2014";"01/12/2015";"Ministério de Minas e Energia";"Petrobrás - Holding";"PETROLEO BRASILEIRO S/A";"Sem Informação";"Outros";"68220/2016";"Fechado";"Inscrições em treinamentos externos";"18.225,00"
"01/01/2014";"01/01/2014";"01/12/2015";"Ministério de Minas e Energia";"Petrobrás - Holding";"PETROLEO BRASILEIRO S/A";"Sem Informação";"Outros";"77291/2015";"Fechado";"Carrinho de compra 1004234358";"17.817,22"
"31/12/2013";"31/12/2013";"31/12/2014";"Ministério da Educação";"Fundo Nacional de Desenvolvimento da Educação";"FUNDO NACIONAL DE DESENVOLVIMENTO DA EDUCACAO";"Dispensa de Licitação";"Serviços";"303/2013";"Publicado";"Prestação de serviços de consultoria com o objetivo de elaborar arcabouço metodológico para Compras Governamentais do FNDE, envolvendo transferência de conhecim";"2.970.000,00"
"31/12/2013";"13/01/2014";"13/11/2014";"Ministério da Defesa";"Comando do Exército";"BASE DE ADMINISTRACAO E APOIO/CCOMGEX";"Inexigibilidade de Licitação";"Outros";"13/2013";"Publicado";"Contratação de Serviço Educacional, re-ferente ao Curso Nível de Especialização, SérieEstratégica de Recursos Humanos.";"10.400,00"
"31/12/2013";"31/12/2013";"30/12/2014";"Ministério da Defesa";"Comando do Exército";"SECRETARIA DE ECONOMIA E FINANCAS";"Dispensa de Licitação";"Outros";"26/2013";"Publicado";"Contratação de serviços para ministrar cursos de Pós-Graduação em Finanças Públicas, de atualização em Gestão ambiental e Desenvolvimento Sustentável, Instrumen";"794.320,00"
"20/12/2013";"20/12/2013";"19/12/2015";"Advocacia-Geral da União";"Advocacia-Geral da União - Unidades com vínculo direto";"SUPERINTENDENCIA REG. DE ADMIN. DA 1ª REGIAO";"Inexigibilidade de Licitação";"Serviços";"49/2013";"Retificação - Publicado";"Prestação de serviços educacionais para 88 (oitenta e oito) vagas em 2 (duas) turmas de 44 (quarenta e quatro) alunos, em curso de Pós Graduação Latu Sensu em G";"1.381.200,00"
"18/12/2013";"03/02/2014";"02/02/2016";"Ministério da Defesa";"Comando da Aeronáutica";"DEPARTAMENTO DE CONTROLE DO ESPACO AEREO";"Inexigibilidade de Licitação";"Outros";"33/2013";"Publicado";"Contratação de 2 (dois) Mestrados Profissionais em Administração Pública.";"98.000,00"
"17/12/2013";"17/12/2013";"16/12/2014";"Ministério de Minas e Energia";"Empresa de Pesquisa Energética";"EMPRESA DE PESQUISA ENERGETICA";"Sem Informação";"Outros";"35/2013";"Fechado";"Licença de uso de banco de dados";"44.852,05"
"16/12/2013";"16/12/2013";"16/12/2013";"Ministério de Minas e Energia";"Petrobrás - Holding";"PETROLEO BRASILEIRO S/A";"Sem Informação";"Outros";"91971/2013";"Fechado";"INSCRIÇÕES EM TREINAMENTOS EXTERNOS";"50.000,00"
"16/12/2013";"16/12/2013";"16/12/2013";"Ministério de Minas e Energia";"Petrobrás - Holding";"PETROLEO BRASILEIRO S/A";"Sem Informação";"Outros";"91970/2013";"Fechado";"INSCRIÇÕES EM TREINAMENTOS EXTERNOS";"50.000,00"
"16/12/2013";"16/12/2013";"15/12/2015";"Ministério do Turismo";"Ministério do Turismo - Unidades com vínculo direto";"SUBSECRETARIA DE ADMINISTRACAO - SAD";"Dispensa de Licitação";"Serviços";"29/2013";"Retificação - Publicado";"Prestação de serviços pela CONTRATADA para realização de estudo técnico especializado em ""Pesquisas de Sondagens de Expectativas Empresariais e do Consumidor do";"1.941.000,00"
"16/12/2013";"16/12/2013";"15/12/2014";"Ministério dos Transportes";"Agência Nacional de Transportes Terrestres";"AGENCIA NACIONAL DE TRANSPORTES TERRESTRES";"Dispensa de Licitação";"Serviços";"40/2013";"Publicado";"Licenciamento de uso pela FGV/IBRE, sem caráter de exclusidade do banco de dados de natureza estatísitca, econômica e financeira disponibilizado através da inte";"182.701,28"
"05/12/2013";"05/12/2013";"05/12/2013";"Ministério de Minas e Energia";"Petrobrás - Holding";"PETROLEO BRASILEIRO S/A";"Sem Informação";"Outros";"88679/2013";"Fechado";"INSCRIÇÕES EM TREINAMENTOS EXTERNOS";"21.420,00"
"03/12/2013";"03/12/2013";"03/12/2013";"Ministério de Minas e Energia";"Petrobrás - Holding";"PETROLEO BRASILEIRO S/A";"Sem Informação";"Outros";"69754/2013";"Fechado";"INSCRIÇÕES EM TREINAMENTOS EXTERNOS";"972,00"
"03/12/2013";"03/12/2013";"03/12/2013";"Ministério de Minas e Energia";"Petrobrás - Holding";"PETROLEO BRASILEIRO S/A";"Sem Informação";"Outros";"75377/2013";"Fechado";"INSCRIÇÕES EM TREINAMENTOS EXTERNOS";"972,00"
"03/12/2013";"03/12/2013";"03/12/2013";"Ministério de Minas e Energia";"Petrobrás - Holding";"PETROLEO BRASILEIRO S/A";"Sem Informação";"Outros";"76498/2013";"Fechado";"INSCRIÇÕES EM TREINAMENTOS EXTERNOS";"972,00"
"03/12/2013";"03/12/2013";"03/12/2013";"Ministério de Minas e Energia";"Petrobrás - Holding";"PETROLEO BRASILEIRO S/A";"Sem Informação";"Outros";"69752/2013";"Fechado";"INSCRIÇÕES EM TREINAMENTOS EXTERNOS";"2.916,00"
"03/12/2013";"03/12/2013";"03/12/2013";"Ministério de Minas e Energia";"Petrobrás - Holding";"PETROLEO BRASILEIRO S/A";"Sem Informação";"Outros";"66098/2013";"Fechado";"INSCRIÇÕES EM TREINAMENTOS EXTERNOS";"20.418,99"
"02/12/2013";"02/12/2013";"02/12/2013";"Ministério de Minas e Energia";"Petrobrás - Holding";"PETROLEO BRASILEIRO S/A";"Sem Informação";"Outros";"78479/2013";"Fechado";"INSCRIÇÕES EM TREINAMENTOS EXTERNOS";"16.500,00"
"25/11/2013";"25/11/2013";"28/11/2013";"Ministério de Minas e Energia";"Petrobrás - Holding";"PETROLEO BRASILEIRO S/A";"Sem Informação";"Outros";"37577/2013";"Fechado";"INSCRIÇÕES EM TREINAMENTOS EXTERNOS";"1.190,01"
"14/11/2013";"14/11/2013";"14/11/2013";"Ministério de Minas e Energia";"Petrobrás - Holding";"PETROLEO BRASILEIRO S/A";"Sem Informação";"Outros";"28452/2013";"Fechado";"INSCRIÇÕES EM TREINAMENTOS EXTERNOS";"970,90"
"14/11/2013";"14/11/2013";"14/11/2013";"Ministério de Minas e Energia";"Petrobrás - Holding";"PETROLEO BRASILEIRO S/A";"Sem Informação";"Outros";"28943/2013";"Fechado";"INSCRIÇÕES EM TREINAMENTOS EXTERNOS";"972,00"
"12/11/2013";"12/11/2013";"12/11/2013";"Ministério de Minas e Energia";"Petrobrás - Holding";"PETROLEO BRASILEIRO S/A";"Sem Informação";"Outros";"29849/2013";"Fechado";"INSCRIÇÕES EM TREINAMENTOS EXTERNOS";"20.744,00"
"11/11/2013";"11/11/2013";"11/11/2013";"Ministério de Minas e Energia";"Petrobrás - Holding";"PETROLEO BRASILEIRO S/A";"Sem Informação";"Outros";"16935/2013";"Fechado";"INSCRIÇÕES EM TREINAMENTOS EXTERNOS";"972,00"
"08/11/2013";"08/11/2013";"08/11/2013";"Ministério de Minas e Energia";"Petrobrás - Holding";"PETROLEO BRASILEIRO S/A";"Sem Informação";"Outros";"27692/2013";"Fechado";"INSCRIÇÕES EM TREINAMENTOS EXTERNOS";"23.250,01"
"08/11/2013";"08/11/2013";"08/11/2013";"Ministério de Minas e Energia";"Petrobrás - Holding";"PETROLEO BRASILEIRO S/A";"Sem Informação";"Outros";"42030/2013";"Fechado";"INSCRIÇÕES EM TREINAMENTOS EXTERNOS";"29.250,01"
"06/11/2013";"06/11/2013";"06/11/2013";"Ministério de Minas e Energia";"Petrobrás - Holding";"PETROLEO BRASILEIRO S/A";"Sem Informação";"Outros";"16932/2013";"Fechado";"INSCRIÇÕES EM TREINAMENTOS EXTERNOS";"1.208,70"
"06/11/2013";"06/11/2013";"06/11/2013";"Ministério de Minas e Energia";"Petrobrás - Holding";"PETROLEO BRASILEIRO S/A";"Sem Informação";"Outros";"9614/2013";"Fechado";"INSCRIÇÕES EM TREINAMENTOS EXTERNOS";"3.060,00"
"01/11/2013";"01/11/2013";"01/11/2013";"Ministério de Minas e Energia";"Petrobrás - Holding";"PETROLEO BRASILEIRO S/A";"Sem Informação";"Outros";"25900/2013";"Fechado";"INSCRIÇÕES EM TREINAMENTOS EXTERNOS";"23.426,01"
"01/11/2013";"01/11/2013";"01/11/2013";"Ministério de Minas e Energia";"Petrobrás - Holding";"PETROLEO BRASILEIRO S/A";"Sem Informação";"Outros";"98536/2013";"Fechado";"ASSINATURA JORNAIS, REVIST.ACESSO ELETR.";"130,01"
"01/11/2013";"01/11/2013";"01/11/2013";"Ministério de Minas e Energia";"Petrobrás - Holding";"PETROLEO BRASILEIRO S/A";"Sem Informação";"Outros";"9961/2013";"Fechado";"INSCRIÇÕES EM TREINAMENTOS EXTERNOS";"18.500,00"
"31/10/2013";"31/10/2013";"31/12/2015";"Ministério da Saúde";"Ministério da Saúde - Unidades com vínculo direto";"COORDENACAO-GERAL DE GESTAO DE PESSOAS";"Inexigibilidade de Licitação";"Serviços";"3/2013";"Publicado";"Contrato de Prestação de Serviços Edu-cacionais a ser celebrado entre o Ministério daSaúde e a Fundação Getúlio Vargas visando o a-perfeiçoamento de servidore";"170.856,00"
"30/10/2013";"30/10/2013";"29/10/2015";"Ministério da Defesa";"Comando do Exército";"HOSPITAL CENTRAL DO EXERCITO";"Inexigibilidade de Licitação";"Outros";"36/2013";"Publicado";"Contratação da Fundação Getúlio Vargas - FGV para inscrição de Oficial Superior Médico, Subdiretor do Hospital Central do Exército no Curso de Pós-Graduação MBA";"29.386,00"
"24/10/2013";"24/10/2013";"12/03/2014";"Ministério de Minas e Energia";"Petrobrás - Holding";"PETROBRAS TRANSPORTE S.A.";"Sem Informação";"Outros";"14110/2013";"Fechado";"Serviços técnicos profissionais especialIZADOS DE ANÁLISE ESTATÍSTICA DE PREÇOS DE MERCADO E DEFINIÇÃO DE METODOLOGIA PARA AUXILIAR NA FORMAÇÃO DE NOVAS TARIFAS";"182.710,00"
"14/10/2013";"14/10/2013";"06/11/2013";"Ministério de Minas e Energia";"Petrobrás - Holding";"PETROLEO BRASILEIRO S/A";"Sem Informação";"Outros";"20860/2013";"Fechado";"INSCRIÇÕES EM TREINAMENTOS EXTERNOS";"72.402,00"
"11/10/2013";"11/10/2013";"11/10/2013";"Ministério de Minas e Energia";"Petrobrás - Holding";"PETROLEO BRASILEIRO S/A";"Sem Informação";"Outros";"73716/2013";"Fechado";"INSCRIÇÕES EM TREINAMENTOS EXTERNOS";"18.285,51"
"11/10/2013";"11/10/2013";"11/10/2013";"Ministério de Minas e Energia";"Petrobrás - Holding";"PETROLEO BRASILEIRO S/A";"Sem Informação";"Outros";"74220/2013";"Fechado";"INSCRIÇÕES EM TREINAMENTOS EXTERNOS";"18.285,51"
"10/10/2013";"10/10/2013";"11/10/2013";"Ministério de Minas e Energia";"Petrobrás - Holding";"PETROLEO BRASILEIRO S/A";"Sem Informação";"Outros";"21903/2013";"Fechado";"TREINAMENTO DE EMPREGADOS - MATRÍCULA";"622,80"
"04/10/2013";"04/10/2013";"04/10/2013";"Ministério de Minas e Energia";"Petrobrás - Holding";"PETROLEO BRASILEIRO S/A";"Sem Informação";"Outros";"57238/2013";"Fechado";"INSCRIÇÕES EM TREINAMENTOS EXTERNOS";"972,00"
"03/10/2013";"03/10/2013";"03/10/2013";"Ministério de Minas e Energia";"Petrobrás - Holding";"PETROLEO BRASILEIRO S/A";"Sem Informação";"Outros";"58390/2013";"Fechado";"INSCRIÇÕES EM TREINAMENTOS EXTERNOS";"2.916,00"
"02/10/2013";"02/10/2013";"02/10/2015";"Ministério dos Transportes";"Departamento Nacional de Infraestrutura de Transportes";"DEPART.NAC.INFRA ESTRUTURA TRANSPORTES.";"Inexigibilidade de Licitação";"Serviços";"899/2013";"Publicado";"Realização de 05 turmas fechadas do curso a distância - formato blended - de Pós-Graduação Lato Sensu, nível especialização, denominado ""MBA Executivo em Gestão";"2.751.450,00"
"01/10/2013";"01/10/2013";"01/10/2013";"Ministério de Minas e Energia";"Petrobrás - Holding";"PETROLEO BRASILEIRO S/A";"Sem Informação";"Outros";"58971/2013";"Fechado";"INSCRIÇÕES EM TREINAMENTOS EXTERNOS";"1.944,00"
"01/10/2013";"01/10/2013";"01/10/2013";"Ministério de Minas e Energia";"Petrobrás - Holding";"PETROLEO BRASILEIRO S/A";"Sem Informação";"Outros";"55627/2013";"Fechado";"INSCRIÇÕES EM TREINAMENTOS EXTERNOS";"880,00"
"01/10/2013";"01/10/2013";"01/10/2013";"Ministério de Minas e Energia";"Petrobrás - Holding";"PETROLEO BRASILEIRO S/A";"Sem Informação";"Outros";"58968/2013";"Fechado";"INSCRIÇÕES EM TREINAMENTOS EXTERNOS";"780,00"
"01/10/2013";"01/10/2013";"01/10/2013";"Ministério de Minas e Energia";"Petrobrás - Holding";"PETROLEO BRASILEIRO S/A";"Sem Informação";"Outros";"47513/2013";"Fechado";"INSCRIÇÕES EM TREINAMENTOS EXTERNOS";"1.208,70"
"01/10/2013";"01/10/2013";"01/10/2013";"Ministério de Minas e Energia";"Petrobrás - Holding";"PETROLEO BRASILEIRO S/A";"Sem Informação";"Outros";"56628/2013";"Fechado";"INSCRIÇÕES EM TREINAMENTOS EXTERNOS";"11.850,01"
"30/09/2013";"30/09/2013";"30/11/2015";"Ministério dos Transportes";"Ministério dos Transportes - Unidades com vínculo direto";"COORDENACAO-GERAL DE GESTAO DE PESSOAS";"Inexigibilidade de Licitação";"Serviços";"26/2013";"Publicado";"Prestação de serviços educacionais relativos ao Curso MBA em Planejamento, Orçamento e Gestão Pública ministrado à servidora Francisca de Lourdes Barros Almeida";"27.120,00"
"20/09/2013";"20/09/2013";"19/10/2013";"Ministério de Minas e Energia";"Petrobrás - Holding";"PETROLEO BRASILEIRO S/A";"Sem Informação";"Outros";"13590/2013";"Fechado";"SERVIÇOS DE CONSULTORIA";"1.000.000,00"
"19/09/2013";"19/09/2013";"18/09/2015";"Ministério da Justiça e Segurança Pública";"Polícia Rodoviária Federal";"POLICIA RODOVIARIA FEDERAL";"Dispensa de Licitação";"Serviços";"18/2013";"Publicado";"Cursos de Pós-Graduação - MBA, realizados nas dependências da Fundação Getúlio Vargas (FGV) em Brasília, com aulas quinzenais.";"546.000,00"
"16/09/2013";"16/09/2013";"16/09/2013";"Ministério de Minas e Energia";"Petrobrás - Holding";"PETROLEO BRASILEIRO S/A";"Sem Informação";"Outros";"13099/2013";"Fechado";"INSCRIÇÕES EM TREINAMENTOS EXTERNOS";"1.208,70"
"12/09/2013";"12/09/2013";"11/09/2014";"Ministério das Cidades";"Ministério das Cidades - Unidades com vínculo direto";"COORDENACAO-GERAL DE SUPORTE LOGISTICO - MCID";"Dispensa de Licitação";"Outros";"15/2013";"Publicado";"Contratação de serviços para elaboração do planejamento estratégico do Ministério das Cidades para o período de 2013-2015, monitoramento dos projetos prioritári";"4.350.000,00"
"11/09/2013";"11/09/2013";"11/09/2013";"Ministério de Minas e Energia";"Petrobrás - Holding";"PETROLEO BRASILEIRO S/A";"Sem Informação";"Outros";"7471/2013";"Fechado";"INSCRIÇÕES EM TREINAMENTOS EXTERNOS";"1.530,01"
"10/09/2013";"10/09/2013";"10/09/2013";"Ministério de Minas e Energia";"Petrobrás - Holding";"PETROLEO BRASILEIRO S/A";"Sem Informação";"Outros";"15493/2013";"Fechado";"INSCRIÇÕES EM TREINAMENTOS EXTERNOS";"4.500,00"
"10/09/2013";"10/09/2013";"10/09/2013";"Ministério de Minas e Energia";"Petrobrás - Holding";"PETROLEO BRASILEIRO S/A";"Sem Informação";"Outros";"12854/2013";"Fechado";"INSCRIÇÕES EM TREINAMENTOS EXTERNOS";"4.500,00"
"04/09/2013";"04/09/2013";"04/09/2013";"Ministério de Minas e Energia";"Petrobrás - Holding";"PETROLEO BRASILEIRO S/A";"Sem Informação";"Outros";"1419/2013";"Fechado";"INSCRIÇÕES EM TREINAMENTOS EXTERNOS";"18.285,51"
"04/09/2013";"04/09/2013";"04/09/2013";"Ministério de Minas e Energia";"Petrobrás - Holding";"PETROLEO BRASILEIRO S/A";"Sem Informação";"Outros";"1418/2013";"Fechado";"INSCRIÇÕES EM TREINAMENTOS EXTERNOS";"18.285,51"
"04/09/2013";"04/09/2013";"04/09/2013";"Ministério de Minas e Energia";"Petrobrás - Holding";"PETROLEO BRASILEIRO S/A";"Sem Informação";"Outros";"127/2013";"Fechado";"INSCRIÇÕES EM TREINAMENTOS EXTERNOS";"18.285,51"
"04/09/2013";"04/09/2013";"04/09/2013";"Ministério de Minas e Energia";"Petrobrás - Holding";"PETROLEO BRASILEIRO S/A";"Sem Informação";"Outros";"10572/2013";"Fechado";"INSCRIÇÕES EM TREINAMENTOS EXTERNOS";"19.800,00"
"04/09/2013";"04/09/2013";"04/09/2013";"Ministério de Minas e Energia";"Petrobrás - Holding";"PETROLEO BRASILEIRO S/A";"Sem Informação";"Outros";"1421/2013";"Fechado";"INSCRIÇÕES EM TREINAMENTOS EXTERNOS";"18.285,51"
"04/09/2013";"04/09/2013";"04/09/2013";"Ministério de Minas e Energia";"Petrobrás - Holding";"PETROLEO BRASILEIRO S/A";"Sem Informação";"Outros";"123/2013";"Fechado";"INSCRIÇÕES EM TREINAMENTOS EXTERNOS";"18.285,51"
"04/09/2013";"04/09/2013";"04/09/2013";"Ministério de Minas e Energia";"Petrobrás - Holding";"PETROLEO BRASILEIRO S/A";"Sem Informação";"Outros";"12842/2013";"Fechado";"INSCRIÇÕES EM TREINAMENTOS EXTERNOS";"18.285,51"
"04/09/2013";"04/09/2013";"04/09/2013";"Ministério de Minas e Energia";"Petrobrás - Holding";"PETROLEO BRASILEIRO S/A";"Sem Informação";"Outros";"1413/2013";"Fechado";"INSCRIÇÕES EM TREINAMENTOS EXTERNOS";"18.285,51"
"04/09/2013";"04/09/2013";"04/09/2013";"Ministério de Minas e Energia";"Petrobrás - Holding";"PETROLEO BRASILEIRO S/A";"Sem Informação";"Outros";"98560/2013";"Fechado";"INSCRIÇÕES EM TREINAMENTOS EXTERNOS";"2.430,01"
"04/09/2013";"04/09/2013";"04/09/2013";"Ministério de Minas e Energia";"Petrobrás - Holding";"PETROLEO BRASILEIRO S/A";"Sem Informação";"Outros";"1415/2013";"Fechado";"INSCRIÇÕES EM TREINAMENTOS EXTERNOS";"18.285,51"
"03/09/2013";"03/09/2013";"03/09/2013";"Ministério de Minas e Energia";"Petrobrás - Holding";"PETROBRAS BIOCOMBUSTIVEL S/A - PBIO";"Sem Informação";"Outros";"2612/2013";"Fechado";"Inscrições em treinamentos externos";"3.949,99"
"03/09/2013";"03/09/2013";"03/09/2013";"Ministério de Minas e Energia";"Petrobrás - Holding";"PETROLEO BRASILEIRO S/A";"Sem Informação";"Outros";"8682/2013";"Fechado";"INSCRIÇÕES EM TREINAMENTOS EXTERNOS";"7.500,00"
"03/09/2013";"03/09/2013";"03/09/2013";"Ministério de Minas e Energia";"Petrobrás - Holding";"PETROLEO BRASILEIRO S/A";"Sem Informação";"Outros";"7411/2013";"Fechado";"INSCRIÇÕES EM TREINAMENTOS EXTERNOS";"3.750,01"
"03/09/2013";"03/09/2013";"03/09/2013";"Ministério de Minas e Energia";"Petrobrás - Holding";"PETROLEO BRASILEIRO S/A";"Sem Informação";"Outros";"7414/2013";"Fechado";"INSCRIÇÕES EM TREINAMENTOS EXTERNOS";"22.969,00"
"03/09/2013";"03/09/2013";"03/09/2013";"Ministério de Minas e Energia";"Petrobrás - Holding";"PETROLEO BRASILEIRO S/A";"Sem Informação";"Outros";"7421/2013";"Fechado";"INSCRIÇÕES EM TREINAMENTOS EXTERNOS";"10.687,50"
"02/09/2013";"02/09/2013";"02/09/2013";"Ministério de Minas e Energia";"Petrobrás - Holding";"PETROLEO BRASILEIRO S/A";"Sem Informação";"Outros";"15965/2013";"Fechado";"INSCRIÇÕES EM TREINAMENTOS EXTERNOS";"25.521,01"
"29/08/2013";"01/10/2013";"29/01/2014";"Ministério da Defesa";"Empresa Brasileira de Infraestrutura Aeroportuária";"EMPRESA BRAS.DE INFRA-ESTRUTURA AEROPORTUARIA";"Sem Informação";"Outros";"86/2013";"Fechado";"Prestação de serviços de pesquisa de opinião nacional de satisfação e avaliação de imagem e qualidade dos serviços prestados pela infraero.";"700.000,00"
"29/08/2013";"29/08/2013";"28/08/2015";"Ministério da Fazenda";"Comissão de Valores Mobiliários";"COMISSAO DE VALORES MOBILIARIOS";"Dispensa de Licitação";"Serviços";"44/2013";"Publicado";"Participação de servidor no curso de MBA - Master in Finance.";"38.290,00"
"27/08/2013";"04/09/2013";"07/11/2015";"Ministério da Defesa";"Comando do Exército";"BASE DE ADMINISTRACAO E APOIO/CCOMGEX";"Inexigibilidade de Licitação";"Outros";"15/2013";"Publicado";"Contratação de serviço educacional referente ao Curso de Pós-Graduação ""Lato Senso"" nível de especialização MBA em Orçamento e GestãoPública.";"43.500,00"
"27/08/2013";"27/08/2013";"26/08/2014";"Ministério da Defesa";"Comando do Exército";"SECRETARIA DE ECONOMIA E FINANCAS";"Dispensa de Licitação";"Outros";"13/2013";"Publicado";"Contratação da Fundação Getúlio Vargas - FGV para realização de cursos de Pós-GRADUAÇAO em Finanças Públicas e de Atualização em: Análise da Viabilidade Finance";"993.200,00"
"22/08/2013";"22/08/2013";"23/08/2013";"Ministério de Minas e Energia";"Petrobrás - Holding";"PETROLEO BRASILEIRO S/A";"Sem Informação";"Outros";"69366/2013";"Fechado";"INSCRIÇÕES EM TREINAMENTOS EXTERNOS";"18.880,00"
"21/08/2013";"21/08/2013";"24/08/2013";"Ministério de Minas e Energia";"Petrobrás - Holding";"PETROLEO BRASILEIRO S/A";"Sem Informação";"Outros";"30571/2013";"Fechado";"INSCRIÇÕES EM TREINAMENTOS EXTERNOS";"1.190,01"
"21/08/2013";"21/08/2013";"30/09/2013";"Ministério da Saúde";"Agência Nacional de Saúde Suplementar";"AGENCIA NACIONAL DE SAUDE SUPLEMENTAR";"Inexigibilidade de Licitação";"Outros";"33/2013";"Publicado";"Contratação de serviço especializado em treinamento para ministrar Curso de Auditoria em Saúde, conforme conteúdo programático definido no projeto básico, de fo";"49.300,00"
"20/08/2013";"20/08/2013";"20/08/2013";"Ministério de Minas e Energia";"Petrobrás - Holding";"PETROLEO BRASILEIRO S/A";"Sem Informação";"Outros";"62167/2013";"Fechado";"INSCRIÇÕES EM TREINAMENTOS EXTERNOS";"9.000,00"
"12/08/2013";"12/08/2013";"12/08/2013";"Ministério de Minas e Energia";"Petrobrás - Holding";"PETROLEO BRASILEIRO S/A";"Sem Informação";"Outros";"46571/2013";"Fechado";"ASSINATURAS DE JORNAIS E REVISTAS";"17.417,15"
"09/08/2013";"09/08/2013";"09/08/2013";"Ministério de Minas e Energia";"Petrobrás - Holding";"PETROLEO BRASILEIRO S/A";"Sem Informação";"Outros";"55676/2013";"Fechado";"INSCRIÇÕES EM TREINAMENTOS EXTERNOS";"19.800,00"
"08/08/2013";"08/08/2013";"08/08/2013";"Ministério de Minas e Energia";"Petrobrás - Holding";"PETROLEO BRASILEIRO S/A";"Sem Informação";"Outros";"51166/2013";"Fechado";"INSCRIÇÕES EM TREINAMENTOS EXTERNOS";"780,00"
"06/08/2013";"06/08/2013";"06/08/2013";"Ministério de Minas e Energia";"Petrobrás - Holding";"PETROLEO BRASILEIRO S/A";"Sem Informação";"Outros";"56166/2013";"Fechado";"INSCRIÇÕES EM TREINAMENTOS EXTERNOS";"20.330,01"
"05/08/2013";"05/08/2013";"05/08/2013";"Ministério de Minas e Energia";"Petrobrás - Holding";"PETROLEO BRASILEIRO S/A";"Sem Informação";"Outros";"42724/2013";"Fechado";"INSCRIÇÕES EM TREINAMENTOS EXTERNOS";"1.404,00"
"05/08/2013";"05/08/2013";"05/08/2013";"Ministério de Minas e Energia";"Petrobrás - Holding";"PETROLEO BRASILEIRO S/A";"Sem Informação";"Outros";"53871/2013";"Fechado";"INSCRIÇÕES EM TREINAMENTOS EXTERNOS";"972,00"
"01/08/2013";"01/08/2013";"01/08/2013";"Ministério de Minas e Energia";"Petrobrás - Holding";"PETROLEO BRASILEIRO S/A";"Sem Informação";"Outros";"46196/2013";"Fechado";"INSCRIÇÕES EM TREINAMENTOS EXTERNOS";"18.500,00"
"01/08/2013";"01/08/2013";"01/08/2013";"Ministério de Minas e Energia";"Petrobrás - Holding";"PETROLEO BRASILEIRO S/A";"Sem Informação";"Outros";"39504/2013";"Fechado";"INSCRIÇÕES EM TREINAMENTOS EXTERNOS";"18.500,00"
"26/07/2013";"26/07/2013";"25/08/2013";"Ministério de Minas e Energia";"Petrobrás - Holding";"PETROLEO BRASILEIRO S/A";"Sem Informação";"Outros";"76324/2013";"Fechado";"TREINAMENTO DE EMPREGADOS - MATRÍCULA";"861,01"
"11/07/2013";"11/07/2013";"11/07/2013";"Ministério de Minas e Energia";"Petrobrás - Holding";"PETROLEO BRASILEIRO S/A";"Sem Informação";"Outros";"6997/2013";"Fechado";"INSCRIÇÕES EM TREINAMENTOS EXTERNOS";"865,08"
"11/07/2013";"11/07/2013";"11/07/2013";"Ministério de Minas e Energia";"Petrobrás - Holding";"PETROLEO BRASILEIRO S/A";"Sem Informação";"Outros";"3667/2013";"Fechado";"INSCRIÇÕES EM TREINAMENTOS EXTERNOS";"953,26"
"11/07/2013";"11/07/2013";"11/07/2013";"Ministério de Minas e Energia";"Petrobrás - Holding";"PETROLEO BRASILEIRO S/A";"Sem Informação";"Outros";"3529/2013";"Fechado";"INSCRIÇÕES EM TREINAMENTOS EXTERNOS";"865,08"
"11/07/2013";"11/07/2013";"11/07/2013";"Ministério de Minas e Energia";"Petrobrás - Holding";"PETROLEO BRASILEIRO S/A";"Sem Informação";"Outros";"4564/2013";"Fechado";"INSCRIÇÕES EM TREINAMENTOS EXTERNOS";"865,08"
"10/07/2013";"10/07/2013";"11/07/2013";"Ministério de Minas e Energia";"Petrobrás - Holding";"PETROLEO BRASILEIRO S/A";"Sem Informação";"Outros";"78588/2013";"Fechado";"TREINAMENTO DE EMPREGADOS - MATRÍCULA";"616,00"
"10/07/2013";"10/07/2013";"10/07/2013";"Ministério de Minas e Energia";"Petrobrás - Holding";"PETROLEO BRASILEIRO S/A";"Sem Informação";"Outros";"2730/2013";"Fechado";"INSCRIÇÕES EM TREINAMENTOS EXTERNOS";"615,88"
"03/07/2013";"03/07/2013";"04/07/2013";"Ministério de Minas e Energia";"Petrobrás - Holding";"PETROLEO BRASILEIRO S/A";"Sem Informação";"Outros";"86931/2013";"Fechado";"INSCRIÇÕES EM TREINAMENTOS EXTERNOS";"17.300,00"
"02/07/2013";"02/07/2013";"02/07/2013";"Ministério de Minas e Energia";"Petrobrás - Holding";"PETROLEO BRASILEIRO S/A";"Sem Informação";"Outros";"2731/2013";"Fechado";"INSCRIÇÕES EM TREINAMENTOS EXTERNOS";"17.450,01"
"02/07/2013";"02/07/2013";"02/07/2013";"Ministério de Minas e Energia";"Petrobrás - Holding";"PETROLEO BRASILEIRO S/A";"Sem Informação";"Outros";"92269/2013";"Fechado";"INSCRIÇÕES EM TREINAMENTOS EXTERNOS";"8.800,00"
"02/07/2013";"02/07/2013";"02/07/2013";"Ministério de Minas e Energia";"Petrobrás - Holding";"PETROLEO BRASILEIRO S/A";"Sem Informação";"Outros";"97080/2013";"Fechado";"INSCRIÇÕES EM TREINAMENTOS EXTERNOS";"25.560,00"
"02/07/2013";"02/07/2013";"02/07/2013";"Ministério de Minas e Energia";"Petrobrás - Holding";"PETROLEO BRASILEIRO S/A";"Sem Informação";"Outros";"2732/2013";"Fechado";"INSCRIÇÕES EM TREINAMENTOS EXTERNOS";"17.450,01"
"02/07/2013";"02/07/2013";"02/07/2013";"Ministério de Minas e Energia";"Petrobrás - Holding";"PETROLEO BRASILEIRO S/A";"Sem Informação";"Outros";"92282/2013";"Fechado";"INSCRIÇÕES EM TREINAMENTOS EXTERNOS";"23.004,00"
"02/07/2013";"02/07/2013";"02/07/2013";"Ministério de Minas e Energia";"Petrobrás - Holding";"PETROLEO BRASILEIRO S/A";"Sem Informação";"Outros";"93241/2013";"Fechado";"TREINAMENTO DE EMPREGADOS - MATRÍCULA";"63.225,60"
"27/06/2013";"27/06/2013";"28/06/2013";"Ministério de Minas e Energia";"Petrobrás - Holding";"PETROLEO BRASILEIRO S/A";"Sem Informação";"Outros";"42236/2013";"Fechado";"TREINAMENTO DE EMPREGADOS - MATRÍCULA";"1.245,60"
"26/06/2013";"26/06/2013";"25/07/2013";"Ministério de Minas e Energia";"Petrobrás - Holding";"PETROLEO BRASILEIRO S/A";"Sem Informação";"Outros";"33164/2013";"Fechado";"TREINAMENTO DE EMPREGADOS - MATRÍCULA";"861,01"
"26/06/2013";"26/06/2013";"29/06/2013";"Ministério da Gestão e da Inovação em Serviços Públicos";"Empresa de Processamento de Dados da Previdência Social";"EMPRESA DE TEC, E INFORMACOES DA PREV. SOCIAL";"Sem Informação";"Outros";"16636/2013";"Fechado";"TREINAMENTO - CURSO / CONGRESSOS / SEMINARIOS / SIMPOSIOS / TREINAMENTO";"2.916,00"
"24/06/2013";"24/06/2013";"24/06/2014";"Ministério da Integração e do Desenvolvimento Regional";"Agência Nacional de Águas e Saneamento Básico";"AGENCIA NACIONAL DE AGUAS E SANEAMENTO BASICO";"Sem Informação";"Outros";"29/2013";"Fechado";"Prestação de serviços educacionais para capacitação e qualificação de servidores da CONTRATANTE.";"313.000,00"
"21/06/2013";"24/06/2013";"26/06/2013";"Ministério da Gestão e da Inovação em Serviços Públicos";"Empresa de Processamento de Dados da Previdência Social";"EMPRESA DE TEC, E INFORMACOES DA PREV. SOCIAL";"Sem Informação";"Outros";"16631/2013";"Fechado";"TREINAMENTO - CURSO / CONGRESSOS / SEMINARIOS / SIMPOSIOS / TREINAMENTO";"2.916,00"
"21/06/2013";"21/06/2013";"20/06/2015";"Ministério de Minas e Energia";"Agência Nacional do Petróleo, Gás Natural e Biocombustíveis";"ESCRITORIO CENTRAL DA ANP";"Inexigibilidade de Licitação";"Serviços";"5012/2013";"Publicado";"Prestar serviços para o projeto de desenvolvimento do planejamento estratégico e definição do modelo de gestão da ANP.";"2.150.000,00"
"20/06/2013";"20/06/2013";"20/06/2014";"Ministério da Educação";"Universidade Federal do Oeste do Pará";"UNIVERSIDADE FEDERAL DO OESTE DO PARA";"Dispensa de Licitação";"Serviços";"24/2013";"Retificação - Publicado";"Realização de Curso de Pós-Graduação Lato Sensu, nível Especialização, denominado ""Pós-Graduação em gerenciamento de Projetos"".";"726.000,00"
"19/06/2013";"19/06/2013";"20/06/2013";"Ministério de Minas e Energia";"Petrobrás - Holding";"PETROLEO BRASILEIRO S/A";"Sem Informação";"Outros";"80281/2013";"Fechado";"INSCRIÇÕES EM TREINAMENTOS EXTERNOS";"63.565,60"
"13/06/2013";"13/06/2013";"13/06/2014";"Ministério da Integração e do Desenvolvimento Regional";"Superintendência do Desenvolvimento do Nordeste";"SUPERINTENDENCIA DO DESENVOLV. DO NORDESTE";"Dispensa de Licitação";"Outros";"6/2013";"Publicado";"Organização e realização de concurso público.";"2.000.000,00"
"11/06/2013";"11/06/2013";"11/06/2013";"Ministério de Minas e Energia";"Petrobrás - Holding";"PETROLEO BRASILEIRO S/A";"Sem Informação";"Outros";"49557/2013";"Fechado";"INSCRIÇÕES EM TREINAMENTOS EXTERNOS";"737,14"
"07/06/2013";"07/06/2013";"07/06/2013";"Ministério de Minas e Energia";"Petrobrás - Holding";"PETROLEO BRASILEIRO S/A";"Sem Informação";"Outros";"44521/2013";"Fechado";"INSCRIÇÕES EM TREINAMENTOS EXTERNOS";"17.300,00"
"07/06/2013";"07/06/2013";"07/06/2013";"Ministério de Minas e Energia";"Petrobrás - Holding";"PETROLEO BRASILEIRO S/A";"Sem Informação";"Outros";"50850/2013";"Fechado";"INSCRIÇÕES EM TREINAMENTOS EXTERNOS";"622,80"
"06/06/2013";"06/06/2013";"06/06/2013";"Ministério de Minas e Energia";"Petrobrás - Holding";"PETROLEO BRASILEIRO S/A";"Sem Informação";"Outros";"41961/2013";"Fechado";"INSCRIÇÕES EM TREINAMENTOS EXTERNOS";"400,00"
"05/06/2013";"05/06/2013";"05/06/2013";"Ministério de Minas e Energia";"Petrobrás - Holding";"PETROLEO BRASILEIRO S/A";"Sem Informação";"Outros";"46435/2013";"Fechado";"INSCRIÇÕES EM TREINAMENTOS EXTERNOS";"18.285,51"
"05/06/2013";"05/06/2013";"05/06/2013";"Ministério de Minas e Energia";"Petrobrás - Holding";"PETROLEO BRASILEIRO S/A";"Sem Informação";"Outros";"46454/2013";"Fechado";"INSCRIÇÕES EM TREINAMENTOS EXTERNOS";"18.285,51"
"05/06/2013";"05/06/2013";"05/06/2013";"Ministério de Minas e Energia";"Petrobrás - Holding";"PETROLEO BRASILEIRO S/A";"Sem Informação";"Outros";"46457/2013";"Fechado";"INSCRIÇÕES EM TREINAMENTOS EXTERNOS";"18.285,51"
"05/06/2013";"05/06/2013";"05/06/2013";"Ministério de Minas e Energia";"Petrobrás - Holding";"PETROLEO BRASILEIRO S/A";"Sem Informação";"Outros";"46449/2013";"Fechado";"INSCRIÇÕES EM TREINAMENTOS EXTERNOS";"18.285,51"
"05/06/2013";"05/06/2013";"05/06/2013";"Ministério de Minas e Energia";"Petrobrás - Holding";"PETROLEO BRASILEIRO S/A";"Sem Informação";"Outros";"48883/2013";"Fechado";"INSCRIÇÕES EM TREINAMENTOS EXTERNOS";"18.285,51"
"04/06/2013";"04/06/2013";"04/06/2013";"Ministério de Minas e Energia";"Petrobrás - Holding";"PETROLEO BRASILEIRO S/A";"Sem Informação";"Outros";"49461/2013";"Fechado";"INSCRIÇÕES EM TREINAMENTOS EXTERNOS";"22.800,00"
"04/06/2013";"04/06/2013";"04/06/2013";"Ministério de Minas e Energia";"Petrobrás - Holding";"PETROLEO BRASILEIRO S/A";"Sem Informação";"Outros";"44529/2013";"Fechado";"INSCRIÇÕES EM TREINAMENTOS EXTERNOS";"21.598,01"
"04/06/2013";"04/06/2013";"04/06/2013";"Ministério de Minas e Energia";"Petrobrás - Holding";"PETROLEO BRASILEIRO S/A";"Sem Informação";"Outros";"40839/2013";"Fechado";"INSCRIÇÕES EM TREINAMENTOS EXTERNOS";"1.944,00"
"03/06/2013";"03/06/2013";"03/06/2013";"Ministério de Minas e Energia";"Petrobrás - Holding";"PETROLEO BRASILEIRO S/A";"Sem Informação";"Outros";"45354/2013";"Fechado";"INSCRIÇÕES EM TREINAMENTOS EXTERNOS";"19.800,00"
"03/06/2013";"03/06/2013";"03/06/2013";"Ministério de Minas e Energia";"Petrobrás - Holding";"PETROLEO BRASILEIRO S/A";"Sem Informação";"Outros";"30860/2013";"Fechado";"TREINAMENTO DE EMPREGADOS - MATRÍCULA";"861,01"
"26/05/2013";"26/05/2013";"25/06/2013";"Ministério de Minas e Energia";"Petrobrás - Holding";"PETROLEO BRASILEIRO S/A";"Sem Informação";"Outros";"66725/2013";"Fechado";"TREINAMENTO DE EMPREGADOS - MATRÍCULA";"861,01"
"20/05/2013";"20/05/2013";"05/06/2015";"Ministério do Desenvolvimento Agrário e Agricultura Familiar";"Ministério do Desenvolvimento Agrário e Agricultura Familiar - Unidades com vínculo direto";"SUBSEC. DE PLANEJ., ORC. E ADMINIST./MDA";"Inexigibilidade de Licitação";"Outros";"16/2013";"Publicado";"Participação do servidor FELIPE NEIVA MUNDIM no curso de ""Pós-Graduação em Administração Pública - CIPAD"" promovido pela CONTRATADA, a ser realizado no período";"23.000,00"
"20/05/2013";"24/05/2013";"26/09/2015";"Ministério da Fazenda";"Ministério da Fazenda - Unidades com vínculo direto";"SUBSECR. DE ADMIN. TRANSF. DIGITAL E INOVACAO";"Inexigibilidade de Licitação";"Serviços";"15/2013";"Publicado";"Oferta de uma vaga no curso de ""MBA emem Gestão Financeira com Ênfase em Mercado de Capitais"", pós graduação Lato Sensu, a ser ministrado pela Fundação Getúlio";"26.410,08"
"13/05/2013";"13/05/2013";"12/05/2015";"Ministério de Minas e Energia";"Petrobrás - Holding";"PETROLEO BRASILEIRO S/A";"Sem Informação";"Outros";"6476/2013";"Fechado";"LOCAÇÃO DE ESPAÇOS PARA EVENTOS";"15.400,00"
"13/05/2013";"13/05/2013";"14/05/2013";"Ministério de Minas e Energia";"Petrobrás - Holding";"PETROLEO BRASILEIRO S/A";"Sem Informação";"Outros";"93489/2013";"Fechado";"INSCRIÇÕES EM TREINAMENTOS EXTERNOS";"17.300,00"
"13/05/2013";"13/05/2013";"13/05/2013";"Ministério de Minas e Energia";"Petrobrás - Holding";"PETROLEO BRASILEIRO S/A";"Sem Informação";"Outros";"96721/2013";"Fechado";"INSCRIÇÕES EM TREINAMENTOS EXTERNOS";"584,00"
"13/05/2013";"13/05/2013";"13/05/2013";"Ministério de Minas e Energia";"Petrobrás - Holding";"PETROLEO BRASILEIRO S/A";"Sem Informação";"Outros";"95699/2013";"Fechado";"INSCRIÇÕES EM TREINAMENTOS EXTERNOS";"737,14"
"13/05/2013";"13/05/2013";"13/05/2013";"Ministério de Minas e Energia";"Petrobrás - Holding";"PETROLEO BRASILEIRO S/A";"Sem Informação";"Outros";"95643/2013";"Fechado";"INSCRIÇÕES EM TREINAMENTOS EXTERNOS";"584,00"
"13/05/2013";"13/05/2013";"13/05/2013";"Ministério de Minas e Energia";"Petrobrás - Holding";"PETROLEO BRASILEIRO S/A";"Sem Informação";"Outros";"96720/2013";"Fechado";"INSCRIÇÕES EM TREINAMENTOS EXTERNOS";"584,00"
"13/05/2013";"13/05/2013";"13/05/2013";"Ministério de Minas e Energia";"Petrobrás - Holding";"PETROLEO BRASILEIRO S/A";"Sem Informação";"Outros";"95658/2013";"Fechado";"INSCRIÇÕES EM TREINAMENTOS EXTERNOS";"17.200,00"
"13/05/2013";"13/05/2013";"13/05/2013";"Ministério de Minas e Energia";"Petrobrás - Holding";"PETROLEO BRASILEIRO S/A";"Sem Informação";"Outros";"94539/2013";"Fechado";"INSCRIÇÕES EM TREINAMENTOS EXTERNOS";"615,88"
"13/05/2013";"13/05/2013";"12/11/2014";"Ministério da Defesa";"Comando do Exército";"1º DEPOSITO DE SUPRIMENTO";"Inexigibilidade de Licitação";"Outros";"2/2013";"Publicado";"Contratação dos serviços técnico-profissionais da FUNDAÇÃO GETULIO VARGAS - FGV - CNPJ33.641.663/0001-44, para ministrar o Curso MBAem Gestão Financeira,Contro";"26.291,00"
"07/05/2013";"07/05/2013";"07/05/2013";"Ministério de Minas e Energia";"Petrobrás - Holding";"PETROLEO BRASILEIRO S/A";"Sem Informação";"Outros";"79894/2013";"Fechado";"ASSINATURAS DE JORNAIS E REVISTAS";"148,00"
"07/05/2013";"07/05/2013";"07/05/2013";"Ministério de Minas e Energia";"Petrobrás - Holding";"PETROLEO BRASILEIRO S/A";"Sem Informação";"Outros";"95404/2013";"Fechado";"INSCRIÇÕES EM TREINAMENTOS EXTERNOS";"15.600,00"
"07/05/2013";"07/05/2013";"07/05/2013";"Ministério de Minas e Energia";"Petrobrás - Holding";"PETROLEO BRASILEIRO S/A";"Sem Informação";"Outros";"95407/2013";"Fechado";"INSCRIÇÕES EM TREINAMENTOS EXTERNOS";"15.600,00"
"07/05/2013";"07/05/2013";"07/05/2013";"Ministério de Minas e Energia";"Petrobrás - Holding";"PETROLEO BRASILEIRO S/A";"Sem Informação";"Outros";"95403/2013";"Fechado";"INSCRIÇÕES EM TREINAMENTOS EXTERNOS";"15.600,00"
"06/05/2013";"06/05/2013";"06/05/2013";"Ministério de Minas e Energia";"Petrobrás - Holding";"PETROLEO BRASILEIRO S/A";"Sem Informação";"Outros";"87967/2013";"Fechado";"INSCRIÇÕES EM TREINAMENTOS EXTERNOS";"972,00"
"06/05/2013";"06/05/2013";"06/05/2013";"Ministério de Minas e Energia";"Petrobrás - Holding";"PETROLEO BRASILEIRO S/A";"Sem Informação";"Outros";"1057/2013";"Fechado";"INSCRIÇÕES EM TREINAMENTOS EXTERNOS";"23.000,00"
"06/05/2013";"06/05/2013";"06/05/2013";"Ministério de Minas e Energia";"Petrobrás - Holding";"PETROLEO BRASILEIRO S/A";"Sem Informação";"Outros";"81516/2013";"Fechado";"INSCRIÇÕES EM TREINAMENTOS EXTERNOS";"25.560,00"
"06/05/2013";"06/05/2013";"06/05/2013";"Ministério de Minas e Energia";"Petrobrás - Holding";"PETROLEO BRASILEIRO S/A";"Sem Informação";"Outros";"6574/2013";"Fechado";"INSCRIÇÕES EM TREINAMENTOS EXTERNOS";"215,83"
"06/05/2013";"06/05/2013";"06/05/2013";"Ministério de Minas e Energia";"Petrobrás - Holding";"PETROLEO BRASILEIRO S/A";"Sem Informação";"Outros";"96406/2013";"Fechado";"INSCRIÇÕES EM TREINAMENTOS EXTERNOS";"25.559,23"
"06/05/2013";"06/05/2013";"06/05/2013";"Ministério de Minas e Energia";"Petrobrás - Holding";"PETROLEO BRASILEIRO S/A";"Sem Informação";"Outros";"81521/2013";"Fechado";"INSCRIÇÕES EM TREINAMENTOS EXTERNOS";"25.560,00"
"03/05/2013";"03/05/2013";"03/05/2013";"Ministério de Minas e Energia";"Petrobrás - Holding";"PETROLEO BRASILEIRO S/A";"Sem Informação";"Outros";"83766/2013";"Fechado";"INSCRIÇÕES EM TREINAMENTOS EXTERNOS";"17.280,00"
"03/05/2013";"03/05/2013";"03/05/2013";"Ministério de Minas e Energia";"Petrobrás - Holding";"PETROLEO BRASILEIRO S/A";"Sem Informação";"Outros";"83372/2013";"Fechado";"INSCRIÇÕES EM TREINAMENTOS EXTERNOS";"20.353,00"
"03/05/2013";"03/05/2013";"03/05/2013";"Ministério de Minas e Energia";"Petrobrás - Holding";"PETROLEO BRASILEIRO S/A";"Sem Informação";"Outros";"86090/2013";"Fechado";"INSCRIÇÕES EM TREINAMENTOS EXTERNOS";"26.247,00"
"03/05/2013";"03/05/2013";"03/05/2013";"Ministério de Minas e Energia";"Petrobrás - Holding";"PETROLEO BRASILEIRO S/A";"Sem Informação";"Outros";"86528/2013";"Fechado";"INSCRIÇÕES EM TREINAMENTOS EXTERNOS";"584,00"
"03/05/2013";"03/05/2013";"03/05/2013";"Ministério de Minas e Energia";"Petrobrás - Holding";"PETROLEO BRASILEIRO S/A";"Sem Informação";"Outros";"83765/2013";"Fechado";"INSCRIÇÕES EM TREINAMENTOS EXTERNOS";"26.247,00"
"02/05/2013";"02/05/2013";"02/05/2013";"Ministério de Minas e Energia";"Petrobrás - Holding";"PETROLEO BRASILEIRO S/A";"Sem Informação";"Outros";"85536/2013";"Fechado";"INSCRIÇÕES EM TREINAMENTOS EXTERNOS";"23.426,00"
"02/05/2013";"02/05/2013";"02/05/2013";"Ministério de Minas e Energia";"Petrobrás - Holding";"PETROLEO BRASILEIRO S/A";"Sem Informação";"Outros";"1133/2013";"Fechado";"TREINAMENTO DE EMPREGADOS - MATRÍCULA";"861,01"
"02/05/2013";"02/05/2013";"02/05/2013";"Ministério de Minas e Energia";"Petrobrás - Holding";"PETROLEO BRASILEIRO S/A";"Sem Informação";"Outros";"83380/2013";"Fechado";"INSCRIÇÕES EM TREINAMENTOS EXTERNOS";"22.250,01"
"26/04/2013";"26/04/2013";"26/05/2013";"Ministério das Cidades";"Empresa de Trens Urbanos de Porto Alegre";"EMPRESA DE TRENS URBANOS DE PORTO ALEGRE S/A";"Sem Informação";"Outros";"36332/2013";"Fechado";"Projeto basico n¿ 31/12 licenciamento de uso do banco de dados denominado ""fgvdados"".";"5.336,54"
"26/04/2013";"26/04/2013";"10/04/2015";"Ministério da Defesa";"Comando do Exército";"BASE DE ADMINISTRACAO E APOIO/CCOMGEX";"Inexigibilidade de Licitação";"Outros";"2/2013";"Publicado";"Prestação de Serviço Educacional referente ao Curso de Pós-Graduação ""Lato Sensu"", nível de Especialização, MBA LLM em Direito Empresarial.";"50.204,16"
"21/04/2013";"20/05/2013";"31/12/2013";"Banco Central do Brasil - Orçamento Fiscal e Seguridade Social";"Banco Central do Brasil - Orçamento Fiscal e Seguridade Social - Unidades com vínculo direto";"BANCO CENTRAL DO BRASIL";"Sem Informação";"Outros";"50777/2013";"Fechado";"Prestação de serviços especializados, relacionada a atividades de treinamento e aperfeiçoamento teórico/ prático - Curso de formação de Consultor Interno de Ges";"100.800,00"
"18/04/2013";"18/04/2013";"18/04/2013";"Ministério de Minas e Energia";"Petrobrás - Holding";"PETROLEO BRASILEIRO S/A";"Sem Informação";"Outros";"54571/2013";"Fechado";"INSCRIÇÕES EM TREINAMENTOS EXTERNOS";"24.863,00"
"17/04/2013";"17/04/2013";"27/03/2015";"Ministério da Defesa";"Comando do Exército";"BASE DE ADMINISTRACAO E APOIO/CCOMGEX";"Inexigibilidade de Licitação";"Outros";"3/2013";"Publicado";"Prestação de Serviço Educacional referente ao Curso de Pós-Graduação ""Lato Sensu"", nível de Especialização, MBA em Gerenciamento deProjetos.";"50.204,16"
"15/04/2013";"15/04/2013";"31/03/2015";"Ministério da Defesa";"Comando do Exército";"DEPARTAMENTO DE EDUCACAO E CULTURA DO EXERCIT";"Dispensa de Licitação";"Outros";"4/2013";"Publicado";"Curso de MBA em Gestão e Produção Cultural com Enfase em economia criativa - Marcello Augusto Lauria Murta";"21.688,00"
"15/04/2013";"15/04/2013";"14/10/2014";"Ministério da Defesa";"Comando do Exército";"DEPARTAMENTO DE EDUCACAO E CULTURA DO EXERCIT";"Dispensa de Licitação";"Outros";"3/2013";"Publicado";"Atender curso de MBA em Gerenciamento de Projetos - Márcio de Castro Alves";"26.944,00"
"12/04/2013";"12/04/2013";"18/04/2015";"Ministério da Defesa";"Comando do Exército";"BASE DE ADMINISTRACAO E APOIO/CCOMGEX";"Inexigibilidade de Licitação";"Outros";"1/2013";"Publicado";"Prestação de Serviço Educacional referente ao Curso de Pós-Graduação ""Lato Sensu"", nivel de Especialização, MBA em Gestão de ComércioExterior e Negócios Interna";"25.102,08"
"11/04/2013";"11/04/2013";"11/05/2013";"Ministério de Minas e Energia";"Petrobrás - Holding";"PETROLEO BRASILEIRO S/A";"Sem Informação";"Outros";"45017/2013";"Fechado";"INSCRIÇÕES EM TREINAMENTOS EXTERNOS";"737,13"
"10/04/2013";"10/04/2013";"10/04/2013";"Ministério de Minas e Energia";"Petrobrás - Holding";"PETROLEO BRASILEIRO S/A";"Sem Informação";"Outros";"43268/2013";"Fechado";"INSCRIÇÕES EM TREINAMENTOS EXTERNOS";"19.341,01"
"08/04/2013";"08/04/2013";"08/04/2013";"Ministério de Minas e Energia";"Petrobrás - Holding";"PETROLEO BRASILEIRO S/A";"Sem Informação";"Outros";"40394/2013";"Fechado";"INSCRIÇÕES EM TREINAMENTOS EXTERNOS";"25.560,00"
"05/04/2013";"05/04/2013";"05/04/2015";"Sem informação";"FURNAS-CENTRAIS ELETRICAS S.A.";"AMAZONAS DISTRIBUIDORA DE ENERGIA S/A";"Sem Informação";"Outros";"86565/2013";"Fechado";"Serviço de Licenciamento de Uso, Pela FGV/IBRE, sem caráter de Exclusividade, do Bancode Dados, de Natureza Estatística, Econômica e Financeira, disponibilizado";"81.962,66"
"05/04/2013";"05/04/2013";"05/04/2013";"Ministério de Minas e Energia";"Petrobrás - Holding";"PETROLEO BRASILEIRO S/A";"Sem Informação";"Outros";"54168/2013";"Fechado";"INSCRIÇÕES EM TREINAMENTOS EXTERNOS";"24.863,00"
"05/04/2013";"05/04/2013";"05/04/2013";"Ministério de Minas e Energia";"Petrobrás - Holding";"PETROLEO BRASILEIRO S/A";"Sem Informação";"Outros";"40633/2013";"Fechado";"INSCRIÇÕES EM TREINAMENTOS EXTERNOS";"19.676,40"
"04/04/2013";"04/04/2013";"04/04/2013";"Ministério de Minas e Energia";"Petrobrás - Holding";"PETROLEO BRASILEIRO S/A";"Sem Informação";"Outros";"43093/2013";"Fechado";"INSCRIÇÕES EM TREINAMENTOS EXTERNOS";"19.083,00"
"03/04/2013";"03/04/2013";"03/04/2013";"Ministério de Minas e Energia";"Petrobrás - Holding";"PETROLEO BRASILEIRO S/A";"Sem Informação";"Outros";"39273/2013";"Fechado";"INSCRIÇÕES EM TREINAMENTOS EXTERNOS";"23.195,00"
"02/04/2013";"02/04/2013";"02/04/2013";"Ministério de Minas e Energia";"Petrobrás - Holding";"PETROLEO BRASILEIRO S/A";"Sem Informação";"Outros";"37568/2013";"Fechado";"INSCRIÇÕES EM TREINAMENTOS EXTERNOS";"16.500,00"
"01/04/2013";"01/04/2013";"01/04/2013";"Ministério de Minas e Energia";"Petrobrás - Holding";"PETROLEO BRASILEIRO S/A";"Sem Informação";"Outros";"36931/2013";"Fechado";"INSCRIÇÕES EM TREINAMENTOS EXTERNOS";"33.120,00"
"01/04/2013";"01/04/2013";"01/04/2013";"Ministério de Minas e Energia";"Petrobrás - Holding";"PETROLEO BRASILEIRO S/A";"Sem Informação";"Outros";"51080/2013";"Fechado";"TREINAMENTO DE EMPREGADOS - MATRÍCULA";"861,01"
"01/04/2013";"01/04/2013";"01/04/2013";"Ministério de Minas e Energia";"Petrobrás - Holding";"PETROLEO BRASILEIRO S/A";"Sem Informação";"Outros";"42131/2013";"Fechado";"INSCRIÇÕES EM TREINAMENTOS EXTERNOS";"23.195,00"
"01/04/2013";"01/04/2013";"01/04/2013";"Ministério de Minas e Energia";"Petrobrás - Holding";"PETROLEO BRASILEIRO S/A";"Sem Informação";"Outros";"43094/2013";"Fechado";"INSCRIÇÕES EM TREINAMENTOS EXTERNOS";"22.481,01"
"01/04/2013";"01/04/2013";"31/01/2014";"Ministério do Turismo";"Ministério do Turismo - Unidades com vínculo direto";"SUBSECRETARIA DE ADMINISTRACAO - SAD";"Dispensa de Licitação";"Outros";"6/2013";"Publicado";"Prestação de serviços pela Contratada para realização de estudo técnico denominado ""Indice de Competitividade do Turismo Nacional"", por meio de investigação em";"1.687.000,00"
"25/03/2013";"25/03/2013";"25/03/2014";"Ministério da Defesa";"Comando do Exército";"CENTRO DE OBTENCOES DO EXERCITO";"Dispensa de Licitação";"Outros";"32/2013";"Publicado";"Curso de pós-graduação em logística";"560.000,00"
"22/03/2013";"22/03/2013";"23/02/2018";"Ministério de Minas e Energia";"Petrobrás - Holding";"PETROLEO BRASILEIRO S/A";"Sem Informação";"Outros";"475/2013";"Fechado";"DOCÊNCIA NO CURSO DE PÓS-GRADUAÇÃO LATO SENSU EM ASSESSORIA GOVERNAMENTAL E RELACIONAMENTO INSTITUCIONAL NA INDÚSTRIA DE ENERGIA.";"946.700,00"
"21/03/2013";"21/03/2013";"20/09/2014";"Ministério de Minas e Energia";"Empresas de Energia";"CENTRAIS ELETRICAS DO NORTE DO BRASIL S/A";"Sem Informação";"Outros";"80786/2013";"Fechado";"Prestação de serviço de consultoria deprojeto de estudo de viabilidade técnica e econômico-financeiro para implantação da Sede";"2.676.000,00"
"18/03/2013";"18/03/2013";"17/12/2015";"Banco Central do Brasil - Orçamento Fiscal e Seguridade Social";"Banco Central do Brasil - Orçamento Fiscal e Seguridade Social - Unidades com vínculo direto";"BANCO CENTRAL DO BRASIL";"Sem Informação";"Outros";"50163/2013";"Fechado";"PRESTAÇÃO DE SERVIÇOS PARA O DESENVOLVIMENTO E IMPLANTAÇÃO DE MEDIDAS DE APERFEIÇOAMENTO DO SISTEMA BRASILEIRO DE SONDAGENS EMPRESARIAIS DE TENDÊNCIA ECONÔMICA.";"801.000,00"
"17/03/2013";"17/03/2013";"18/03/2013";"Ministério de Minas e Energia";"Petrobrás - Holding";"PETROLEO BRASILEIRO S/A";"Sem Informação";"Outros";"95272/2013";"Fechado";"INCRIÇÕES EM TREINAMENTOS EXTERNOS";"23.195,00"
"14/03/2013";"14/03/2013";"14/03/2013";"Ministério de Minas e Energia";"Petrobrás - Holding";"PETROLEO BRASILEIRO S/A";"Sem Informação";"Outros";"97035/2013";"Fechado";"INCRIÇÕES EM TREINAMENTOS EXTERNOS";"1.900,00"
"13/03/2013";"13/03/2013";"13/03/2013";"Ministério de Minas e Energia";"Petrobrás - Holding";"PETROLEO BRASILEIRO S/A";"Sem Informação";"Outros";"96386/2013";"Fechado";"INCRIÇÕES EM TREINAMENTOS EXTERNOS";"26.247,00"
"13/03/2013";"13/03/2013";"13/03/2013";"Ministério de Minas e Energia";"Petrobrás - Holding";"PETROLEO BRASILEIRO S/A";"Sem Informação";"Outros";"96977/2013";"Fechado";"INCRIÇÕES EM TREINAMENTOS EXTERNOS";"21.598,01"
"12/03/2013";"12/03/2013";"12/04/2013";"Ministério de Minas e Energia";"Petrobrás - Holding";"PETROLEO BRASILEIRO S/A";"Sem Informação";"Outros";"92925/2013";"Fechado";"INCRIÇÕES EM TREINAMENTOS EXTERNOS";"737,13"
"12/03/2013";"12/03/2013";"12/03/2013";"Ministério de Minas e Energia";"Petrobrás - Holding";"PETROLEO BRASILEIRO S/A";"Sem Informação";"Outros";"99472/2013";"Fechado";"INCRIÇÕES EM TREINAMENTOS EXTERNOS";"48.600,00"
"11/03/2013";"11/03/2013";"11/03/2014";"Ministério de Minas e Energia";"Petrobrás - Holding";"PETROBRAS TRANSPORTE S.A.";"Sem Informação";"Outros";"6784/2013";"Fechado";"Realização de 9(nove) turmas do curso ""lIDERANÇA EM AÇÃO"" PARA OS GESTORES DE BORDO DA TRANSPETRO.S";"446.400,00"
"11/03/2013";"11/03/2013";"11/03/2013";"Ministério de Minas e Energia";"Petrobrás - Holding";"PETROLEO BRASILEIRO S/A";"Sem Informação";"Outros";"93748/2013";"Fechado";"INCRIÇÕES EM TREINAMENTOS EXTERNOS";"25.930,01"
"08/03/2013";"08/03/2013";"08/03/2013";"Ministério de Minas e Energia";"Petrobrás - Holding";"PETROLEO BRASILEIRO S/A";"Sem Informação";"Outros";"96864/2013";"Fechado";"INCRIÇÕES EM TREINAMENTOS EXTERNOS";"18.640,80"
"06/03/2013";"06/03/2013";"06/03/2013";"Ministério de Minas e Energia";"Petrobrás - Holding";"PETROLEO BRASILEIRO S/A";"Sem Informação";"Outros";"94513/2013";"Fechado";"INCRIÇÕES EM TREINAMENTOS EXTERNOS";"26.247,00"
"05/03/2013";"05/03/2013";"05/03/2013";"Ministério de Minas e Energia";"Petrobrás - Holding";"PETROLEO BRASILEIRO S/A";"Sem Informação";"Outros";"93860/2013";"Fechado";"INCRIÇÕES EM TREINAMENTOS EXTERNOS";"2.600,00"
"05/03/2013";"05/03/2013";"05/03/2013";"Ministério de Minas e Energia";"Petrobrás - Holding";"PETROLEO BRASILEIRO S/A";"Sem Informação";"Outros";"97971/2013";"Fechado";"INCRIÇÕES EM TREINAMENTOS EXTERNOS";"880,00"
"05/03/2013";"05/03/2013";"05/03/2013";"Ministério de Minas e Energia";"Petrobrás - Holding";"PETROLEO BRASILEIRO S/A";"Sem Informação";"Outros";"87011/2013";"Fechado";"INCRIÇÕES EM TREINAMENTOS EXTERNOS";"18.500,00"
"04/03/2013";"04/03/2013";"02/04/2013";"Ministério de Minas e Energia";"Petrobrás - Holding";"PETROLEO BRASILEIRO S/A";"Sem Informação";"Outros";"55242/2013";"Fechado";"INCRIÇÕES EM TREINAMENTOS EXTERNOS";"72.402,00"
"04/03/2013";"04/03/2013";"08/03/2013";"Ministério de Minas e Energia";"Petrobrás - Holding";"PETROLEO BRASILEIRO S/A";"Sem Informação";"Outros";"79484/2013";"Fechado";"INCRIÇÕES EM TREINAMENTOS EXTERNOS";"18.500,00"
"01/03/2013";"01/03/2013";"10/03/2013";"Ministério de Minas e Energia";"Petrobrás - Holding";"PETROLEO BRASILEIRO S/A";"Sem Informação";"Outros";"29460/2013";"Fechado";"TREINAMENTO DE EMPREGADOS - MATRÍCULA";"22.731,00"
"01/03/2013";"01/03/2013";"01/03/2013";"Ministério de Minas e Energia";"Petrobrás - Holding";"PETROLEO BRASILEIRO S/A";"Sem Informação";"Outros";"93263/2013";"Fechado";"TREINAMENTO DE EMPREGADOS - MATRÍCULA";"861,01"
"26/02/2013";"26/02/2013";"28/02/2013";"Ministério de Minas e Energia";"Petrobrás - Holding";"PETROLEO BRASILEIRO S/A";"Sem Informação";"Outros";"55524/2013";"Fechado";"TREINAMENTO DE EMPREGADOS - MATRÍCULA";"22.963,69"
"21/02/2013";"21/02/2013";"28/02/2013";"Ministério de Minas e Energia";"Petrobrás - Holding";"PETROLEO BRASILEIRO S/A";"Sem Informação";"Outros";"46183/2013";"Fechado";"ASSINATURAS DE JORNAIS E REVISTAS";"12.425,40"
"20/02/2013";"21/02/2013";"21/02/2014";"Ministério da Integração e do Desenvolvimento Regional";"Departamento Nacional de Obras Contra as Secas";"DEPARTAMENTO NACIONAL DE OBRAS CONT.AS SECAS";"Inexigibilidade de Licitação";"Outros";"11/2013";"Publicado";"Licenciamento de uso, pela FGV/IBRE, sem caráter de exclusividade, do banco de dados, de natureza estatística, econômica e financeiradisponibilizado ao DNOCS, a";"42.108,72"
"15/02/2013";"15/02/2013";"16/02/2013";"Ministério de Minas e Energia";"Petrobrás - Holding";"PETROLEO BRASILEIRO S/A";"Sem Informação";"Outros";"35743/2013";"Fechado";"TREINAMENTO DE EMPREGADOS - MATRÍCULA";"22.963,69"
"07/02/2013";"07/02/2013";"07/02/2013";"Ministério de Minas e Energia";"Petrobrás - Holding";"PETROLEO BRASILEIRO S/A";"Sem Informação";"Outros";"45644/2013";"Fechado";"INCRIÇÕES EM TREINAMENTOS EXTERNOS";"50.000,00"
"06/02/2013";"06/02/2013";"06/03/2013";"Ministério de Minas e Energia";"Petrobrás - Holding";"PETROLEO BRASILEIRO S/A";"Sem Informação";"Outros";"42687/2013";"Fechado";"INCRIÇÕES EM TREINAMENTOS EXTERNOS";"1.474,29"
"05/02/2013";"05/02/2013";"05/02/2013";"Ministério de Minas e Energia";"Petrobrás - Holding";"PETROLEO BRASILEIRO S/A";"Sem Informação";"Outros";"39933/2013";"Fechado";"INCRIÇÕES EM TREINAMENTOS EXTERNOS";"22.510,01"
"04/02/2013";"04/02/2013";"04/02/2013";"Ministério de Minas e Energia";"Petrobrás - Holding";"PETROLEO BRASILEIRO S/A";"Sem Informação";"Outros";"34618/2013";"Fechado";"INCRIÇÕES EM TREINAMENTOS EXTERNOS";"2.100,00"
"04/02/2013";"04/02/2013";"04/02/2013";"Ministério de Minas e Energia";"Petrobrás - Holding";"PETROLEO BRASILEIRO S/A";"Sem Informação";"Outros";"34582/2013";"Fechado";"INCRIÇÕES EM TREINAMENTOS EXTERNOS";"7.950,01"
"01/02/2013";"01/02/2013";"20/02/2013";"Ministério de Minas e Energia";"Petrobrás - Holding";"PETROLEO BRASILEIRO S/A";"Sem Informação";"Outros";"90557/2013";"Fechado";"RECURSOS INFORMATIVOS";"19.500,00"
"01/02/2013";"01/02/2013";"01/02/2013";"Ministério de Minas e Energia";"Petrobrás - Holding";"PETROLEO BRASILEIRO S/A";"Sem Informação";"Outros";"28411/2013";"Fechado";"TREINAMENTO DE EMPREGADOS - MATRÍCULA";"861,01"
"22/01/2013";"22/01/2013";"22/01/2018";"Ministério de Minas e Energia";"Petrobrás - Holding";"PETROLEO BRASILEIRO S/A";"Sem Informação";"Outros";"99686/2013";"Fechado";"FORNECIMENTO DE ÍNDICES DE PREÇOS E SERVIÇOS TÉCNICOS ESPECIALIZADOS DE CÁLCULO E DIVULGAÇÃO DE ÍNDICES DE OBRAS HIDROELÉTRICAS";"2.457.773,28"
"18/01/2013";"18/01/2013";"27/03/2013";"Ministério de Minas e Energia";"Petrobrás - Holding";"PETROBRAS TRANSPORTE S.A.";"Sem Informação";"Outros";"4545/2013";"Fechado";"Realização de 1(uma) turma do curso ""lidERANÇA EM AÇÃO"" PARA OS GESTORES DE BORDO DA TRANSPETRO.";"50.420,00"
"16/01/2013";"16/01/2013";"31/01/2013";"Ministério de Minas e Energia";"Petrobrás - Holding";"PETROLEO BRASILEIRO S/A";"Sem Informação";"Outros";"90875/2013";"Fechado";"ASSINATURAS DE JORNAIS E REVISTAS";"148,00"
"16/01/2013";"16/01/2013";"31/01/2013";"Ministério de Minas e Energia";"Petrobrás - Holding";"PETROLEO BRASILEIRO S/A";"Sem Informação";"Outros";"90874/2013";"Fechado";"ASSINATURAS DE JORNAIS E REVISTAS";"148,00"
"16/01/2013";"16/01/2013";"15/07/2014";"Ministério da Cultura";"Fundação Biblioteca Nacional";"FUNDACAO BIBLIOTECA NACIONAL";"Dispensa de Licitação";"Serviços";"1/2013";"Retificação - Publicado";"O contrato tem como objeto a prestação de serviços especializados de desenvolvimento de um Programa de Modernização Institucional, Organizacional e de Infraes";"6.870.000,00"
"15/01/2013";"15/01/2013";"20/01/2014";"Ministério de Minas e Energia";"Empresas de Energia";"ELETROSUL CENTRAIS ELETRICAS S.A.";"Sem Informação";"Outros";"20520/2013";"Pendente";"ServiÇo renovaÇÃo assinatura de indice ''fgvdados'' conforme especificaÇÃo tÉcnica";"5.776,22"
"15/01/2013";"15/01/2013";"20/01/2014";"Ministério de Minas e Energia";"Empresas de Energia";"ELETROSUL CENTRAIS ELETRICAS S.A.";"Sem Informação";"Outros";"21165/2013";"Fechado";"ServiÇo renovaÇÃo assinatura de indice ''fgvdados'' conforme especificaÇÃo tÉcnica";"5.776,22"
"11/01/2013";"11/01/2013";"11/01/2013";"Ministério de Minas e Energia";"Petrobrás - Holding";"PETROLEO BRASILEIRO S/A";"Sem Informação";"Outros";"96069/2013";"Fechado";"INCRIÇÕES EM TREINAMENTOS EXTERNOS";"737,13"
"02/01/2013";"02/01/2013";"02/01/2013";"Ministério de Minas e Energia";"Petrobrás - Holding";"PETROLEO BRASILEIRO S/A";"Sem Informação";"Outros";"93499/2013";"Fechado";"TREINAMENTO DE EMPREGADOS - MATRÍCULA";"861,01"
"02/01/2013";"02/01/2013";"31/12/2013";"Ministério da Fazenda";"Superintendência de Seguros Privados";"SUPERINTENDENCIA DE SEGUROS PRIVADOS - RJ";"Dispensa de Licitação";"Outros";"40/2013";"Publicado";"Contrato para participação de servidores da SUSEP em curso de pós-graduação na FGV.";"36.000,00"
"01/01/2013";"01/01/2013";"01/01/2013";"Ministério de Minas e Energia";"Petrobrás - Holding";"PETROLEO BRASILEIRO S/A";"Sem Informação";"Outros";"92829/2013";"Fechado";"ASSINATURAS DE JORNAIS E REVISTAS";"148,00"
"01/01/2013";"01/01/2013";"01/01/2013";"Ministério de Minas e Energia";"Petrobrás - Holding";"PETROLEO BRASILEIRO S/A";"Sem Informação";"Outros";"92831/2013";"Fechado";"ASSINATURAS DE JORNAIS E REVISTAS";"148,00"
"31/12/2012";"31/12/2012";"30/06/2014";"Ministério do Esporte";"Ministério do Esporte - Unidades com vínculo direto";"SECRETARIA EXECUTIVA";"Inexigibilidade de Licitação";"Serviços";"52/2012";"Publicado";"Prestação de serviços técnicos especializados de apoio à implantação e manutenção de base de preços unitários e composição de estimativas de preços de projetos.";"48.359.036,00"
"27/12/2012";"27/12/2012";"27/07/2013";"Presidência da República";"Presidência da República";"SECRETARIA ESPECIAL DE ARTICULACAO SOCIAL";"Dispensa de Licitação";"Outros";"7/2012";"Publicado";"Prestação de serviços técnicos especializados para elaboração de pesquisa.";"1.602.650,00"
"21/12/2012";"21/12/2012";"20/12/2013";"Ministério da Agricultura e Pecuária";"Empresa Brasileira de Pesquisa Agropecuária";"EMBRAPA/GAC";"Dispensa de Licitação";"Outros";"22/2013";"Publicado";"Contratação de licença de uso do banco de dados: FGVDADOS para as unidades descentralizadas da Embrapa: Gado de Leite, Gado de Corte,Cerrados, Mandioca e Frutic";"28.000,00"
"21/12/2012";"21/12/2012";"21/12/2013";"Presidência da República";"Secretaria de Assuntos Estratégicos";"SECRETARIA DE ASSUNTOS ESTRATEGICOS-SAE/PR";"Dispensa de Licitação";"Outros";"19/2012";"Publicado";"Prestação de serviços técnicos especializados para apoiar a Secretaria de Assuntos Estratégicos da Presidência da República - SAE/PR, no desenvolvimento dos tem";"323.793,10"
"20/12/2012";"20/12/2012";"19/12/2013";"Ministério da Justiça e Segurança Pública";"Ministério da Justiça e Segurança Pública - Unidades com vínculo direto";"SECRETARIA EXTRAORD. DE SEG.P/GRANDES EVENTOS";"Dispensa de Licitação";"Outros";"8/2012";"Publicado";"Contratação para realização de cursos diversos de extensão constantes do programa denominado Programa de Capacitação em Gestão de Segurança em Grandes Eventos";"518.000,00"
"18/12/2012";"18/12/2012";"18/12/2013";"Ministério da Defesa";"Comando da Aeronáutica";"SEXTO COMANDO AEREO REGIONAL";"Dispensa de Licitação";"Serviços";"24/2012";"Retificação - Publicado";"Contratação de empresa especializada para a prestação de serviços de desenvolvimento instrucional dos cursos do CENIPA, contemplando a qualificação continuada d";"1.311.443,00"
"14/12/2012";"14/12/2012";"13/12/2013";"Ministério dos Transportes";"Agência Nacional de Transportes Terrestres";"AGENCIA NACIONAL DE TRANSPORTES TERRESTRES";"Dispensa de Licitação";"Outros";"43/2012";"Publicado";"Licenciamento de uso, sem caráter de exclusividade, do Banco de Dados disponibilizado através da internet denominado FGVDADOS PREMIUM.";"43.089,92"
"13/12/2012";"13/12/2012";"12/12/2013";"Ministério do Turismo";"Ministério do Turismo - Unidades com vínculo direto";"SUBSECRETARIA DE ADMINISTRACAO - SAD";"Dispensa de Licitação";"Outros";"31/2012";"Publicado";"Contratação de serviços técnicos especializados para a continuidade das pesquisas econômica conjuntural de sondagens e expectativas empresariais e do setor de t";"917.000,00"
"29/11/2012";"29/11/2012";"28/05/2013";"Ministério da Saúde";"Ministério da Saúde - Unidades com vínculo direto";"INSTITUTO NACIONAL DE CARDIOLOGIA";"Dispensa de Licitação";"Outros";"41/2012";"Publicado";"Contratação de empresa especialzada para formulação de Plano Diretor e elaboração de Programa de Ocupação Física, prestação de serviços de assistência técnica a";"780.000,00"
"28/11/2012";"28/11/2012";"28/11/2013";"Ministério do Meio Ambiente e Mudança do Clima";"Fundo Nacional sobre Mudança no Clima";"FUNDO NACIONAL SOBRE MUDANCA DO CLIMA";"Dispensa de Licitação";"Outros";"1/2012";"Publicado";"Elaboração de relatório contendo a proposta metodológica para a componente ""adaptação""do Plano Nacional sobre Mudança do Clima.";"2.264.000,00"
"04/10/2012";"04/10/2012";"03/05/2013";"Ministério da Saúde";"Ministério da Saúde - Unidades com vínculo direto";"SUBSECRETARIA DE ASSUNTOS ADMINISTRATIVOS/MS";"Dispensa de Licitação";"Outros";"59/2012";"Publicado";"Contratação de instituição de pesquisa, ensino ou desenvolvimento institucional para a realização de estudos sobre os processos de gestão dos produtores público";"1.235.920,00"
"03/10/2012";"03/10/2012";"03/03/2013";"Presidência da República";"Secretaria de Assuntos Estratégicos";"SECRETARIA DE ASSUNTOS ESTRATEGICOS-SAE/PR";"Dispensa de Licitação";"Outros";"15/2012";"Publicado";"Prestação de serviços especializados com vistas a obter dados e insumos técnicos para o desenvolvimento de ações voltadas à inserção social e profissional de jo";"500.000,00"
"01/10/2012";"01/10/2012";"01/07/2013";"Ministério do Esporte";"Ministério do Esporte - Unidades com vínculo direto";"SECRETARIA EXECUTIVA";"Dispensa de Licitação";"Outros";"37/2012";"Publicado";"Prestação de Consultoria Especializada para apoiar o Ministério do Esporte nas ações necessárias à construção e operação do novo autódromo do Rio de Janeiro em";"17.850.000,00"
"20/09/2012";"01/10/2012";"30/08/2014";"Ministério da Fazenda";"Receita Federal do Brasil";"SUPERINTENDENCIA REGIONAL DA RFB NA 8A RF";"Dispensa de Licitação";"Serviços";"13/2012";"Publicado";"Curso de pós graduação lato sensu em Direito Tributário,na Escola de Direito da Fundação Getulio Vargas,localizada na Rua Rocha nº233Capital -SP";"300.000,00"
"12/09/2012";"12/09/2012";"19/09/2013";"Sem informação";"FURNAS-CENTRAIS ELETRICAS S.A.";"AMAZONAS DISTRIBUIDORA DE ENERGIA S/A";"Sem Informação";"Outros";"84243/2012";"Fechado";"Consultoria para eleboração dos laudos de avaliação,e para a implementação dos procedimentos de segregação de ativos(bens e instalações).";"3.000.000,00"
"22/08/2012";"22/08/2012";"21/08/2013";"Ministério dos Transportes";"Agência Nacional de Transportes Terrestres";"AGENCIA NACIONAL DE TRANSPORTES TERRESTRES";"Inexigibilidade de Licitação";"Outros";"26/2012";"Publicado";"Licenças para os servidores de cursos à distância, disponibilizados no site do FGV Online.";"65.076,00"
"13/08/2012";"13/08/2012";"30/06/2014";"Ministério da Fazenda";"Receita Federal do Brasil";"SECRET. ESPECIAL DA RECEITA FEDERAL DO BRASIL";"Inexigibilidade de Licitação";"Serviços";"7/2012";"Publicado";"Prestação de serviços de capacitação, para ministrar a Pós-Graduação MBA em Gestão de PEtróleo e Gás, promovendo a capacitação de Auditor Fiscal da Receita Fede";"23.468,00"
"31/07/2012";"01/08/2012";"30/11/2014";"Ministério da Saúde";"Fundação Nacional de Saúde";"FUNDACAO NACIONAL DE SAUDE - DF";"Inexigibilidade de Licitação";"Outros";"65/2012";"Publicado";"Prestação de Serviços Educacionais pelaCONTRATADA, com ônus para à FUNASA,referente aocurso de MBA em Planejamento,Orçamento e GestãoPública, com carga horária";"121.980,00"
"06/07/2012";"06/07/2012";"13/06/2014";"Ministério da Defesa";"Comando do Exército";"CENTRO INTEGRADO DE TELEMATICA DO EXERCITO";"Inexigibilidade de Licitação";"Outros";"8/2012";"Publicado";"Contratação de Prestação de Serviço Educacional referente ao Curso de Pós-Graduação ""Lato Sensu"", nível de Especialização, MBA em Gestão Estratégica da Tecnolog";"25.200,00"
"18/05/2012";"18/05/2012";"01/05/2014";"Ministério de Minas e Energia";"Empresas de Energia";"ELETROSUL CENTRAIS ELETRICAS S.A.";"Sem Informação";"Outros";"13100/2012";"Fechado";"ServiÇo event/trein. curso - lmm em direito empresarial empregados eletrosul";"20.049,30"
"15/05/2012";"01/06/2012";"01/06/2015";"Ministério dos Transportes";"Departamento Nacional de Infraestrutura de Transportes";"DEPART.NAC.INFRA ESTRUTURA TRANSPORTES.";"Dispensa de Licitação";"Serviços";"327/2012";"Publicado";"Execução de Serviços Técnicos especializados referentes à análise, revisão, criação e manutenção de composições de preços unitários ea respectiva implantação e";"79.812.000,00"
"24/04/2012";"24/04/2012";"08/04/2014";"Ministério da Fazenda";"Ministério da Fazenda - Unidades com vínculo direto";"SUBSECR. DE ADMIN. TRANSF. DIGITAL E INOVACAO";"Inexigibilidade de Licitação";"Serviços";"17/2012";"Retificação - Publicado";"Contratação de duas vagas no curso de pós graduação Lato Sensu ""MBA em Gestão Financeira, Controladoria e Auditoria"", a ser ministrado pela Fundação Getúlio Var";"50.400,00"
"06/02/2012";"06/02/2012";"05/02/2013";"Ministério da Saúde";"Ministério da Saúde - Unidades com vínculo direto";"SUBSECRETARIA DE ASSUNTOS ADMINISTRATIVOS/MS";"Dispensa de Licitação";"Outros";"14/2012";"Retificação - Publicado";"Contratação de serviços para acessoramento aos processos de Planejamento e Gestão do Ministério da Saúde.";"2.294.600,00"
"30/12/2011";"30/12/2011";"29/12/2013";"Ministério da Cultura";"Ministério da Cultura - Unidades com vínculo direto";"COORD. GERAL DE EXEC. ORCAMENT, FINANC E CONT";"Dispensa de Licitação";"Outros";"51/2011";"Publicado";"Contratação de prestação de serviços técnicos especializados na modalidade de ensino à distância para capacitação de 2.500 (dois mil e quinhentos) administrador";"3.198.825,90"
"30/12/2011";"30/12/2011";"29/12/2012";"Ministério da Integração e do Desenvolvimento Regional";"Ministério da Integração e do Desenvolvimento Regional - Unidades com vínculo direto";"MIDR/ADMINISTRACAO GERAL";"Dispensa de Licitação";"Outros";"37/2011";"Publicado";"Serviços de consultoria especializada em gestão pública,compreendendo formulação e monitoramento de produtos relativos a: elaboração de diagnóstico e plano de a";"3.520.000,00"
"30/12/2011";"30/12/2011";"30/06/2013";"Ministério da Educação";"Instituto Federal de Educação, Ciência e Tecnologia de Alagoas";"INST.FED.DE EDUC.,CIENC.E TEC.DE ALAGOAS";"Dispensa de Licitação";"Outros";"22/2011";"Publicado";"Contratação de serviços especializados de consultoria visando a implantação da modernização da estrutura organizacional do Instituto Federal de Educação, Ciênci";"2.945.000,00"
"14/12/2011";"14/12/2011";"13/03/2013";"Ministério de Minas e Energia";"Empresas de Energia";"CENTRAIS ELETRICAS BRASILEIRAS S/A";"Sem Informação";"Outros";"262/2011";"Fechado";"SERVIÇOS DE APOIO TÉCNICO-METODOLÓGICO PARA A VIABILIZAÇÃO DO FUNDO DE INVESTIMENTO IMOBILIARIO - FII PARA A CONSTRUÇÃO DA NOVA SEDE DA ELETROBRÁS.";"2.682.000,00"
"01/12/2011";"01/12/2011";"30/11/2012";"Ministério da Educação";"Universidade Federal do Rio Grande do Norte";"UNIVERSIDADE FEDERAL DO RIO GRANDE DO NORTE";"Inexigibilidade de Licitação";"Outros";"60/2011";"Publicado";"O presente Contyrato tem como objeto a prestação de serviços de catalogação na condição de Cooperante NIVEL 02 para atender as necessidades da Biblioteca Cent";"22.689,36"
"24/10/2011";"24/10/2011";"24/04/2013";"Ministério da Educação";"Ministério da Educação - Unidades com vínculo direto";"SUBSECRETARIA DE GESTAO ADMINISTRATIVA/MEC";"Dispensa de Licitação";"Outros";"61/2011";"Publicado";"Prestação de serviços de desenvolvimento de estudos voltados à elaboração de metodologia para subsidiar o acompanhamento do Acordo com o Sistema ""S"", conforme d";"1.588.200,00"
"20/10/2011";"20/10/2011";"20/04/2013";"Ministério de Minas e Energia";"Companhia de Pesquisa de Recursos Minerais";"COMPANHIA DE PESQUISA DE RECURSOS MINERAIS";"Sem Informação";"Outros";"30/2011";"Fechado";"Utilização pelos funcionários da CPRM, nos termos deste instrumento, dos meios eletrônicos disponibilizados, via Internet, que possiilitam a recepção e/ou envio";"234.000,00"
"09/09/2011";"09/09/2011";"08/09/2012";"Ministério da Fazenda";"Fundo Constitucional do Distrito Federal";"FCDF±SSP ± POLICIA MILITAR DO DF";"Sem Informação";"Outros";"27/2011";"Fechado";"Prestação de serviços, por Instituiçãode Ensino Superior, referentes a realização decursos de especialização nível pós-graduação para a capacitação (treinamen";"798.632,00"
"15/08/2011";"15/08/2011";"30/01/2013";"Ministério da Fazenda";"Ministério da Fazenda - Unidades com vínculo direto";"ESCOLA DE ADMINISTRACAO FAZENDARIA";"Dispensa de Licitação";"Outros";"9/2011";"Publicado";"Treinamento de pessoal";"539.400,00"
"24/06/2011";"24/06/2011";"21/06/2013";"Ministério da Fazenda";"Comissão de Valores Mobiliários";"COMISSAO DE VALORES MOBILIARIOS";"Dispensa de Licitação";"Outros";"29/2011";"Publicado";"Participação do Servidor Guilherme Azevedo da Silva no curso de Mestrado em Finanças e Economia Empresarial.";"63.600,00"
"31/12/2010";"31/12/2010";"30/12/2011";"Ministério do Esporte";"Ministério do Esporte - Unidades com vínculo direto";"SECRETARIA EXECUTIVA";"Dispensa de Licitação";"Outros";"1/2011";"Publicado";"Contratação de serviços de monitoramento de projetos para a realização da Copa das Confederações de 2013 e da Copa do Mundo FIFA 2014, por meio de consultoria e";"10.000.000,00"
"17/12/2010";"17/12/2010";"16/12/2012";"Ministério do Turismo";"Ministério do Turismo - Unidades com vínculo direto";"SUBSECRETARIA DE ADMINISTRACAO - SAD";"Dispensa de Licitação";"Outros";"29/2010";"Publicado";"Prestação de serviços de apoio técnico e pedagógico para gestão, monitoramento e avaliação do ""Programa Bem Receber Copa"" - Qualificação de profissionais do Tur";"3.600.000,00"
"30/06/2010";"06/08/2010";"10/07/2015";"Ministério dos Transportes";"Departamento Nacional de Infraestrutura de Transportes";"DEPART.NAC.INFRA ESTRUTURA TRANSPORTES.";"Inexigibilidade de Licitação";"Serviços";"685/2010";"Publicado";"Serviços de Cálculos dos Índices de Reajustamento de Obras Rodoviárias, Ferroviárias ePortuárias.";"5.233.800,00"
"31/03/2010";"31/03/2010";"31/03/2011";"Ministério de Minas e Energia";"Empresas de Energia";"CENTRAIS ELETRICAS DO NORTE DO BRASIL S/A";"Sem Informação";"Outros";"71916/2010";"Fechado";"Assinatura anual banco de dados FGV Dados Premium.";"34.721,40"
"30/10/2009";"30/10/2009";"30/10/2011";"Ministério da Cultura";"Ministério da Cultura - Unidades com vínculo direto";"COORD. GERAL DE EXEC. ORCAMENT, FINANC E CONT";"Dispensa de Licitação";"Outros";"59/2009";"Publicado";"Contratação de serviços técnicos profissionais especializados de consultoria para capacitação de gestores públicos e privados da área da cultura, no âmbito do P";"3.742.785,00"
"15/08/2009";"15/08/2009";"14/08/2010";"Ministério de Minas e Energia";"Agência Nacional de Energia Elétrica";"AGENCIA NACIONAL DE ENERGIA ELETRICA";"Inexigibilidade de Licitação";"Serviços";"102/2009";"Publicado";"Contratação do licenciamento de uso de banco de dados FGVDADOS Premium, pelo período de 12 meses.";"2.897,54"